,comp-1,comp-2,y,return
0,0.049165875,0.24056317,0.0,-0.0071506471633911136
1,0.050506152,0.23230001,0.00065359477124183,-0.004195268630981445
2,0.10722569,0.2759893,0.00130718954248366,-0.0032369270324707033
3,0.1119565,0.27568215,0.00196078431372549,-0.002375776767730713
4,0.08484405,0.17813675,0.00261437908496732,-0.0006715418100357056
5,0.057992324,0.4988333,0.0032679738562091504,0.0003826348781585693
6,0.106307805,0.25914267,0.00392156862745098,0.0005459082722663879
7,0.10371111,0.26823014,0.004575163398692811,0.0007015405893325805
8,0.1106867,0.26220855,0.00522875816993464,0.0010265566110610961
9,0.034501474,0.36278427,0.0058823529411764705,0.0011622729301452638
10,0.16676752,0.41769755,0.006535947712418301,0.0018809195756912232
11,0.021959983,0.109291926,0.00718954248366013,0.0020814199447631836
12,0.059101496,0.48133278,0.00784313725490196,0.0022052464485168457
13,0.056926664,0.3066797,0.00849673202614379,0.00337424898147583
14,0.15977214,0.39846316,0.009150326797385621,0.0034088492393493652
15,0.08165703,0.54647785,0.00980392156862745,0.0036438071727752687
16,0.16402644,0.3899114,0.01045751633986928,0.004005841732025147
17,0.044407092,0.14990588,0.011111111111111112,0.004146746635437012
18,0.037238676,0.2449209,0.011764705882352941,0.004709442138671875
19,0.049896352,0.4694113,0.01241830065359477,0.005101377964019775
20,0.09159199,0.45605534,0.013071895424836602,0.005352972030639648
21,0.08454906,0.30027202,0.013725490196078431,0.005589824676513672
22,0.092955776,0.44880384,0.01437908496732026,0.005775059700012207
23,0.16442566,0.3755356,0.015032679738562092,0.006819816112518311
24,0.113759644,0.31462604,0.01568627450980392,0.007511995792388916
25,0.070068754,0.27862412,0.016339869281045753,0.0075174388885498045
26,0.16687076,0.37473994,0.01699346405228758,0.0075841546058654785
27,0.10421345,0.421492,0.01764705882352941,0.007848301410675048
28,0.03319312,0.31910658,0.018300653594771243,0.008547629356384277
29,0.111285985,0.46495917,0.01895424836601307,0.009707236289978027
30,0.102987155,0.43340445,0.0196078431372549,0.009756938934326172
31,0.024562819,0.23021227,0.020261437908496733,0.009763480186462403
32,0.11749385,0.29145724,0.02091503267973856,0.010251150131225586
33,0.044920012,0.29062173,0.021568627450980392,0.010955854415893555
34,0.019833475,0.12068158,0.022222222222222223,0.011249021530151367
35,0.027128078,0.2995298,0.02287581699346405,0.011725971221923828
36,0.1059052,0.21862932,0.023529411764705882,0.011795806884765624
37,0.11815887,0.42527798,0.024183006535947713,0.011958388328552247
38,0.12901114,0.43925464,0.02483660130718954,0.012245659828186034
39,0.035910547,0.33091852,0.025490196078431372,0.012325625419616699
40,0.09123003,0.29834154,0.026143790849673203,0.012841894149780273
41,0.16026613,0.537268,0.02679738562091503,0.013712795257568359
42,0.057260167,0.34803593,0.027450980392156862,0.014183788299560547
43,0.12083775,0.3498307,0.028104575163398694,0.014633505821228028
44,0.16039227,0.43571672,0.02875816993464052,0.015012067794799805
45,0.09186287,0.42847496,0.029411764705882353,0.015039596557617187
46,0.051336687,0.21648712,0.030065359477124184,0.015050548553466797
47,0.16184801,0.42198554,0.03071895424836601,0.015395357131958007
48,0.075746305,0.2631088,0.03137254901960784,0.015623456001281738
49,0.006902912,0.36552826,0.03202614379084967,0.015667983055114746
50,0.03078288,0.3477929,0.032679738562091505,0.016643234252929687
51,0.028806206,0.22567381,0.03333333333333333,0.01668693733215332
52,0.02435592,0.10290287,0.03398692810457516,0.016804244995117186
53,0.16859469,0.16224165,0.034640522875816995,0.017279523849487305
54,0.0786167,0.30613875,0.03529411764705882,0.01755515480041504
55,0.026587911,0.41002175,0.03594771241830065,0.018190128326416016
56,0.13534303,0.40636033,0.036601307189542485,0.02003525924682617
57,0.031099511,0.3333137,0.03725490196078431,0.02106475830078125
58,0.01752026,0.20057672,0.03790849673202614,0.02276031684875488
59,0.1166431,0.39343128,0.038562091503267976,0.023519336700439455
60,0.062396903,0.24889085,0.0392156862745098,0.02362205123901367
61,0.028556965,0.2698821,0.03986928104575163,0.02375942802429199
62,0.07032355,0.5389828,0.040522875816993466,0.0245753173828125
63,0.043667644,0.33059657,0.041176470588235294,0.025135860443115235
64,0.08002007,0.5783229,0.04183006535947712,0.025259244918823243
65,0.046271738,0.15431274,0.042483660130718956,0.02534029006958008
66,0.071398795,0.57477516,0.043137254901960784,0.02571939277648926
67,0.042298578,0.18505138,0.04379084967320261,0.025811784744262694
68,0.061989274,0.54020905,0.044444444444444446,0.026295103073120118
69,0.18011114,0.16896811,0.045098039215686274,0.026630168914794923
70,0.030852655,0.30489975,0.0457516339869281,0.026953775405883788
71,0.08348962,0.5685872,0.046405228758169936,0.027062620162963867
72,0.07255816,0.56043476,0.047058823529411764,0.027115762710571287
73,0.02696941,0.20496821,0.04771241830065359,0.027603141784667967
74,0.08618901,0.31370652,0.048366013071895426,0.027657371520996094
75,0.033146054,0.18450905,0.049019607843137254,0.0276749267578125
76,0.13961175,0.47931433,0.04967320261437908,0.02900382423400879
77,0.022992602,0.09591355,0.05032679738562092,0.02917652702331543
78,0.023083316,0.20455484,0.050980392156862744,0.029638536453247072
79,0.31721428,0.5416088,0.05163398692810457,0.029798240661621095
80,0.040914554,0.21616456,0.05228758169934641,0.030024799346923828
81,0.03286139,0.28818852,0.052941176470588235,0.030110523223876952
82,0.02762726,0.25169745,0.05359477124183006,0.030370805740356447
83,0.053947,0.5358625,0.0542483660130719,0.030483631134033202
84,0.12005355,0.4299234,0.054901960784313725,0.03051254463195801
85,0.035190213,0.21538106,0.05555555555555555,0.031402336120605466
86,0.12766224,0.33401605,0.05620915032679739,0.03200968170166016
87,0.3440832,0.7513204,0.056862745098039215,0.03207673645019531
88,0.019125715,0.10179523,0.05751633986928104,0.032203926086425784
89,0.02190077,0.2871669,0.05816993464052288,0.032359012603759764
90,0.19440205,0.63662726,0.058823529411764705,0.032371162414550785
91,0.07437224,0.2781917,0.05947712418300653,0.033246257781982425
92,0.14692138,0.40372092,0.06013071895424837,0.033311450958251956
93,0.19528651,0.12620853,0.060784313725490195,0.034068801879882815
94,0.19255187,0.6389009,0.06143790849673202,0.03415202713012695
95,0.08673455,0.2643571,0.06209150326797386,0.03425247955322266
96,0.12142577,0.39700693,0.06274509803921569,0.03431669998168945
97,0.091515206,0.57473755,0.06339869281045751,0.03434126663208008
98,0.14333135,0.46643338,0.06405228758169934,0.034390254974365236
99,0.14782576,0.44016606,0.06470588235294118,0.03467182540893555
100,0.15095288,0.41995636,0.06535947712418301,0.034818286895751956
101,0.36541358,0.36931604,0.06601307189542484,0.035592350006103515
102,0.01958031,0.09367553,0.06666666666666667,0.03568777465820312
103,0.051409315,0.46452773,0.0673202614379085,0.0359493293762207
104,0.09035799,0.32100177,0.06797385620915032,0.03658943939208984
105,0.055219978,0.29007608,0.06862745098039216,0.03730648803710938
106,0.42787474,1.0,0.06928104575163399,0.03795976257324219
107,0.03428467,0.22580253,0.06993464052287582,0.038040904998779296
108,0.00335878,0.16308919,0.07058823529411765,0.03853465270996094
109,0.08449821,0.27347687,0.07124183006535947,0.03858354568481445
110,0.19929805,0.16735978,0.0718954248366013,0.03860688400268555
111,0.44517082,0.7584317,0.07254901960784314,0.039023021697998046
112,0.04326352,0.30928662,0.07320261437908497,0.03929431915283203
113,0.1536026,0.44832912,0.0738562091503268,0.03958203506469726
114,0.5252398,0.46918854,0.07450980392156863,0.04005810546875
115,0.0034454272,0.1631037,0.07516339869281045,0.040362060546875
116,0.026428962,0.2806482,0.07581699346405228,0.040448841094970704
117,0.41958797,0.8844893,0.07647058823529412,0.04072813034057617
118,0.0643103,0.54888713,0.07712418300653595,0.04085791015625
119,0.62858063,0.49957225,0.07777777777777778,0.041031192779541016
120,0.036853295,0.2926867,0.0784313725490196,0.042876651763916016
121,0.14239344,0.42733803,0.07908496732026143,0.04347734069824219
122,0.04587276,0.27125326,0.07973856209150326,0.04351384353637695
123,0.067205414,0.5642977,0.0803921568627451,0.043837417602539064
124,0.099611506,0.2566133,0.08104575163398693,0.044010116577148435
125,0.13693725,0.6166567,0.08169934640522876,0.04458744812011719
126,0.12534058,0.44685736,0.08235294117647059,0.04491181182861328
127,0.1738141,0.5517278,0.08300653594771241,0.04491492462158203
128,0.09514673,0.30829856,0.08366013071895424,0.04515134048461914
129,0.3416448,0.10308722,0.08431372549019608,0.045312694549560543
130,0.16880496,0.43357542,0.08496732026143791,0.04678582382202148
131,0.1822879,0.24503064,0.08562091503267974,0.048382251739501954
132,0.04238125,0.34134662,0.08627450980392157,0.04858684158325195
133,0.31207928,0.3039811,0.0869281045751634,0.04893335723876953
134,0.1370801,0.4449991,0.08758169934640522,0.04893405532836914
135,0.16902353,0.17808098,0.08823529411764706,0.049200859069824215
136,0.19926012,0.23676933,0.08888888888888889,0.04927301025390625
137,0.2620983,0.20238979,0.08954248366013072,0.04956242370605469
138,0.551063,0.81100863,0.09019607843137255,0.050929962158203126
139,0.48471332,0.8467579,0.09084967320261438,0.05094476318359375
140,0.06494066,0.25736073,0.0915032679738562,0.05183416366577148
141,0.11843947,0.6464512,0.09215686274509804,0.05192973709106445
142,0.2625,0.20361665,0.09281045751633987,0.05232511520385742
143,0.10836177,0.22562878,0.0934640522875817,0.052635971069335936
144,0.2613454,0.17067614,0.09411764705882353,0.0526453857421875
145,0.82922685,0.14139755,0.09477124183006536,0.05390939331054687
146,0.112317294,0.6165,0.09542483660130718,0.05638867950439453
147,0.027479716,0.31869054,0.09607843137254903,0.05692572021484375
148,0.14991114,0.46585095,0.09673202614379085,0.05696063995361328
149,0.16114378,0.10417501,0.09738562091503268,0.05726747894287109
150,0.033570085,0.27178606,0.09803921568627451,0.057637596130371095
151,0.14632604,0.45702899,0.09869281045751634,0.058194122314453124
152,0.023927918,0.33889553,0.09934640522875816,0.059083030700683596
153,0.4534543,0.9225931,0.1,0.059446384429931644
154,0.12473763,0.2559061,0.10065359477124183,0.059824996948242185
155,0.15881722,0.25654554,0.10130718954248366,0.05992720413208008
156,0.023333304,0.32648036,0.10196078431372549,0.061076251983642575
157,0.49973792,0.67369545,0.10261437908496732,0.06118041229248047
158,0.09342435,0.37433198,0.10326797385620914,0.06193546295166016
159,0.5166298,0.71368223,0.10392156862745099,0.06332199478149414
160,0.12749903,0.26466766,0.10457516339869281,0.06335785675048829
161,0.10256782,0.6530389,0.10522875816993464,0.06414080810546875
162,0.078815326,0.6098174,0.10588235294117647,0.06414291381835938
163,0.014821665,0.3208362,0.1065359477124183,0.06419014739990235
164,0.18690254,0.68111813,0.10718954248366012,0.0649300537109375
165,0.10758401,0.38909295,0.10784313725490197,0.06500677490234374
166,0.835613,0.49717417,0.1084967320261438,0.06531757354736328
167,0.64443225,0.8349709,0.10915032679738562,0.06581532287597656
168,0.10183462,0.65196085,0.10980392156862745,0.06619942474365234
169,0.1348579,0.4691201,0.11045751633986928,0.06627317047119141
170,0.14408319,0.64857477,0.1111111111111111,0.06634805297851562
171,0.0777779,0.2906831,0.11176470588235295,0.06643122863769531
172,0.072676025,0.5907892,0.11241830065359477,0.06660670471191406
173,0.018316492,0.2666014,0.1130718954248366,0.06679290008544922
174,0.12794447,0.59892493,0.11372549019607843,0.0668751220703125
175,0.04865716,0.26233068,0.11437908496732026,0.06732635498046875
176,0.1104014,0.32201248,0.11503267973856209,0.0683188247680664
177,0.054824363,0.55061704,0.11568627450980393,0.06924909973144532
178,0.22430503,0.49800044,0.11633986928104575,0.06928205871582031
179,0.098558836,0.6461593,0.11699346405228758,0.06940601348876953
180,0.4234205,0.1550588,0.11764705882352941,0.06955998229980469
181,0.18734603,0.68126446,0.11830065359477124,0.07030043792724609
182,0.055111647,0.18546571,0.11895424836601307,0.07032917785644531
183,0.036766134,0.30960238,0.11960784313725491,0.07054351043701172
184,0.17787316,0.65014744,0.12026143790849673,0.07101760101318359
185,0.5245051,0.2774479,0.12091503267973856,0.07176271057128907
186,0.71398085,0.49058196,0.12156862745098039,0.0740194091796875
187,0.5005911,0.8334776,0.12222222222222222,0.07470728302001953
188,0.13916478,0.38235602,0.12287581699346405,0.07521509552001954
189,0.19143675,0.5507757,0.12352941176470589,0.0756262435913086
190,0.14365558,0.6404533,0.12418300653594772,0.07620017242431641
191,0.11311734,0.5463267,0.12483660130718954,0.07692034149169921
192,0.2797728,0.72437996,0.12549019607843137,0.0771729736328125
193,0.42880315,0.8935305,0.1261437908496732,0.07724933624267578
194,0.08369577,0.5963723,0.12679738562091503,0.07736870574951171
195,0.08369577,0.5963723,0.12745098039215685,0.07736870574951171
196,0.15234019,0.48603034,0.12810457516339868,0.07866445922851563
197,0.16668096,0.54235905,0.1287581699346405,0.07900936889648437
198,0.27212107,0.7218704,0.12941176470588237,0.07901580047607422
199,0.084191725,0.6136914,0.1300653594771242,0.07904981231689454
200,0.79118305,0.12491949,0.13071895424836602,0.07950655364990235
201,0.098203324,0.34923518,0.13137254901960785,0.08012681579589843
202,0.12564567,0.66472745,0.13202614379084968,0.08054167938232422
203,0.43104714,0.14825208,0.1326797385620915,0.08061843872070312
204,0.39784706,0.17544828,0.13333333333333333,0.08192239379882812
205,0.08869202,0.6056271,0.13398692810457516,0.08196956634521485
206,0.38857728,0.3414225,0.134640522875817,0.08256243896484375
207,0.058631945,0.19902293,0.13529411764705881,0.08297036743164063
208,0.10386992,0.5563317,0.13594771241830064,0.08310833740234375
209,0.075840294,0.60049057,0.13660130718954247,0.08342051696777343
210,0.76948184,0.13590948,0.13725490196078433,0.08345218658447266
211,0.10188079,0.57533514,0.13790849673202615,0.08366503143310547
212,0.5760143,0.6569987,0.13856209150326798,0.08395806121826171
213,0.11108273,0.6650286,0.1392156862745098,0.08422463989257813
214,0.18335466,0.4672496,0.13986928104575164,0.08450926208496094
215,0.1731469,0.19458112,0.14052287581699346,0.08574658966064454
216,0.07527578,0.19528951,0.1411764705882353,0.0864344024658203
217,0.45012224,0.773333,0.14183006535947712,0.08650625610351563
218,0.08200773,0.3395418,0.14248366013071895,0.08744071960449219
219,0.079077885,0.58922464,0.14313725490196078,0.0878787612915039
220,0.13714877,0.62179714,0.1437908496732026,0.08835452270507813
221,0.09196256,0.3808517,0.14444444444444443,0.08837303924560547
222,0.3276435,0.504379,0.1450980392156863,0.08897445678710937
223,0.14186153,0.6599573,0.14575163398692811,0.08937903594970703
224,0.11765261,0.53880227,0.14640522875816994,0.0901695785522461
225,0.84659094,0.5763392,0.14705882352941177,0.09061408233642577
226,0.27036116,0.7207733,0.1477124183006536,0.09128913879394532
227,0.16630416,0.582762,0.14836601307189543,0.091338134765625
228,0.16812418,0.27338555,0.14901960784313725,0.09158702850341797
229,0.17243186,0.5866756,0.14967320261437908,0.09266612243652343
230,0.32481077,0.28553352,0.1503267973856209,0.09324028015136719
231,0.9547072,0.34767014,0.15098039215686274,0.09328468322753906
232,0.4887487,0.80168945,0.15163398692810456,0.09335436248779297
233,0.06715765,0.22131084,0.1522875816993464,0.09577052307128907
234,0.18157557,0.28665793,0.15294117647058825,0.09587393951416015
235,0.1257255,0.64927983,0.15359477124183007,0.09622752380371094
236,0.018217787,0.3639052,0.1542483660130719,0.0962459487915039
237,0.08596547,0.5842879,0.15490196078431373,0.09820648193359376
238,0.14139637,0.37576208,0.15555555555555556,0.09850009155273437
239,0.40926066,0.882604,0.15620915032679739,0.09919668579101562
240,0.74517804,0.2366226,0.1568627450980392,0.09989997863769531
241,0.15809327,0.47977448,0.15751633986928104,0.10126620483398438
242,0.051909804,0.2797995,0.15816993464052287,0.10131304931640625
243,0.28833455,0.38713086,0.1588235294117647,0.10210671997070313
244,0.016667433,0.3085696,0.15947712418300652,0.10224057769775391
245,0.22469617,0.46400702,0.16013071895424835,0.10387495422363281
246,0.0740457,0.21804912,0.1607843137254902,0.10403535461425781
247,0.18979256,0.2691069,0.16143790849673204,0.10411695098876952
248,0.6467761,0.8235874,0.16209150326797386,0.1041899642944336
249,0.43137097,0.93651825,0.1627450980392157,0.10421348571777343
250,0.5290929,0.5378714,0.16339869281045752,0.10427554321289062
251,0.6266779,0.891909,0.16405228758169935,0.10561878204345704
252,0.1042667,0.54711956,0.16470588235294117,0.10582621002197265
253,0.12982947,0.41935188,0.165359477124183,0.1066092758178711
254,0.13063459,0.52541953,0.16601307189542483,0.10685173034667969
255,0.9257588,0.45603964,0.16666666666666666,0.10692812347412109
256,0.6579791,0.88707703,0.16732026143790849,0.10714678192138671
257,0.17524913,0.2435635,0.16797385620915034,0.10761907196044922
258,0.9789251,0.40052453,0.16862745098039217,0.1076257553100586
259,0.19200422,0.23051454,0.169281045751634,0.10771421813964843
260,0.19202156,0.62585264,0.16993464052287582,0.10894042205810547
261,0.31540138,0.13536493,0.17058823529411765,0.10980487823486328
262,0.12576003,0.6159251,0.17124183006535948,0.11019503021240235
263,0.07606682,0.2228891,0.1718954248366013,0.11092435455322265
264,0.12751219,0.5227488,0.17254901960784313,0.11133428192138672
265,0.101810925,0.35197023,0.17320261437908496,0.1125211181640625
266,0.12484378,0.6041787,0.1738562091503268,0.11287914276123047
267,0.19790559,0.40073007,0.17450980392156862,0.11359197998046874
268,0.18533188,0.59447646,0.17516339869281045,0.11397441101074218
269,0.22029918,0.45315418,0.1758169934640523,0.11401891326904297
270,0.14290962,0.3889126,0.17647058823529413,0.11407814025878907
271,0.08310284,0.23073179,0.17712418300653596,0.1149227066040039
272,0.20620185,0.48993325,0.17777777777777778,0.11505073547363281
273,0.13372917,0.5209966,0.1784313725490196,0.11686557769775391
274,0.013910278,0.36631513,0.17908496732026144,0.1171512680053711
275,0.45885363,0.21672729,0.17973856209150327,0.1173947982788086
276,0.47774264,0.31391203,0.1803921568627451,0.11744225311279297
277,0.17744556,0.54067564,0.18104575163398692,0.11845689392089843
278,0.43321365,0.9405216,0.18169934640522875,0.11894670867919922
279,0.08672721,0.37137583,0.18235294117647058,0.12039857482910156
280,0.41561657,0.88007164,0.1830065359477124,0.12072442626953125
281,0.20074825,0.47526082,0.18366013071895426,0.12105039978027343
282,0.38774765,0.2641631,0.1843137254901961,0.12121035003662109
283,0.124967545,0.34593892,0.18496732026143792,0.12127703094482421
284,0.15816875,0.19089198,0.18562091503267975,0.12157174682617188
285,0.23510037,0.39815372,0.18627450980392157,0.12207868957519531
286,0.2634045,0.43973875,0.1869281045751634,0.12237953186035157
287,0.118668966,0.66834193,0.18758169934640523,0.122912841796875
288,0.3682992,0.30025533,0.18823529411764706,0.12358556365966797
289,0.19868423,0.6509617,0.18888888888888888,0.12383982086181641
290,0.09544313,0.28126636,0.1895424836601307,0.12395857238769531
291,0.068243176,0.19778006,0.19019607843137254,0.12398060607910157
292,0.70383185,0.21880192,0.19084967320261437,0.12412289428710938
293,0.16942978,0.50247014,0.19150326797385622,0.12489716339111329
294,0.43339887,0.9664085,0.19215686274509805,0.12507624053955077
295,0.1650375,0.2012629,0.19281045751633988,0.12533885955810548
296,0.5798375,0.4875322,0.1934640522875817,0.12591841888427735
297,0.7234587,0.53184444,0.19411764705882353,0.12643415069580077
298,0.42826223,0.9044726,0.19477124183006536,0.12651184844970703
299,0.16253623,0.28776234,0.1954248366013072,0.1267404556274414
300,0.15545748,0.3000228,0.19607843137254902,0.1268098373413086
301,0.19566414,0.51962334,0.19673202614379084,0.12694466400146484
302,0.17264323,0.6235393,0.19738562091503267,0.12734226226806641
303,0.2175331,0.49212414,0.1980392156862745,0.12774241638183595
304,0.1256972,0.23420121,0.19869281045751633,0.1277525634765625
305,0.0,0.38204136,0.19934640522875818,0.12791085815429687
306,0.011075215,0.36166775,0.2,0.12806858825683592
307,0.17301755,0.16744047,0.20065359477124184,0.12862867736816405
308,0.20981622,0.4991928,0.20130718954248367,0.12872401428222657
309,0.1991278,0.28898045,0.2019607843137255,0.12918577575683593
310,0.047952905,0.44522715,0.20261437908496732,0.12971331787109375
311,0.19981132,0.2782345,0.20326797385620915,0.1302784881591797
312,0.29931498,0.6143585,0.20392156862745098,0.13033052062988282
313,0.20562722,0.27040926,0.2045751633986928,0.13037165832519532
314,0.21017139,0.5136416,0.20522875816993463,0.13067352294921875
315,0.15820545,0.19549832,0.20588235294117646,0.13229493713378906
316,0.7770703,0.25638115,0.2065359477124183,0.13252467346191407
317,0.20577413,0.26896146,0.20718954248366014,0.13277235412597657
318,0.15336283,0.3168966,0.20784313725490197,0.1331654052734375
319,0.48225224,0.5422442,0.2084967320261438,0.13333941650390624
320,0.31392607,0.59780896,0.20915032679738563,0.13429190063476562
321,0.21780688,0.4785101,0.20980392156862746,0.1344466552734375
322,0.26611665,0.6246469,0.21045751633986928,0.13464613342285156
323,0.21046115,0.4789832,0.2111111111111111,0.1355341339111328
324,0.3781608,0.4617698,0.21176470588235294,0.13735664367675782
325,0.39791426,0.61988413,0.21241830065359477,0.13759219360351563
326,0.23253521,0.54798645,0.2130718954248366,0.13782144165039062
327,0.34718522,0.61499214,0.21372549019607842,0.13794685363769532
328,0.176411,0.51173514,0.21437908496732025,0.1384530029296875
329,0.029296787,0.39766428,0.2150326797385621,0.1385233154296875
330,0.18365727,0.6389043,0.21568627450980393,0.1387810821533203
331,0.2662215,0.3688718,0.21633986928104576,0.1394718017578125
332,0.17888843,0.56188816,0.2169934640522876,0.14003134155273436
333,0.27688187,0.18785544,0.21764705882352942,0.14065716552734375
334,0.19473824,0.24306507,0.21830065359477124,0.14082026672363282
335,0.06665847,0.00524639,0.21895424836601307,0.14117219543457032
336,0.5743885,0.68086624,0.2196078431372549,0.1413441162109375
337,0.49617037,0.77480894,0.22026143790849673,0.14143731689453126
338,0.19951192,0.21415369,0.22091503267973855,0.14264695739746094
339,0.11063111,0.3558756,0.22156862745098038,0.14292462158203126
340,0.031065816,0.40274453,0.2222222222222222,0.14346328735351563
341,0.20893489,0.2941857,0.22287581699346407,0.1435441436767578
342,0.28543434,0.7427056,0.2235294117647059,0.14372621154785156
343,0.0102363145,0.38494155,0.22418300653594772,0.14505398559570312
344,0.27736366,0.18801413,0.22483660130718955,0.14554261779785158
345,0.07470547,0.23727089,0.22549019607843138,0.14568153381347657
346,0.26930416,0.40236366,0.2261437908496732,0.14775204467773437
347,0.17628908,0.20236689,0.22679738562091503,0.14784661865234375
348,0.52400655,0.31993583,0.22745098039215686,0.14786019897460936
349,0.17904378,0.55309516,0.2281045751633987,0.14834461975097657
350,0.28783807,0.745584,0.22875816993464052,0.14954881286621094
351,0.5009649,0.85379606,0.22941176470588234,0.1497342529296875
352,0.2148246,0.22312823,0.23006535947712417,0.14999139404296874
353,0.16752179,0.62387574,0.23071895424836603,0.15043972778320314
354,0.28012878,0.43091255,0.23137254901960785,0.1520220489501953
355,0.007956889,0.3936604,0.23202614379084968,0.15236300659179688
356,0.3764068,0.2270273,0.2326797385620915,0.15342500305175782
357,0.37187257,0.4561573,0.23333333333333334,0.1536640167236328
358,0.23870867,0.41033244,0.23398692810457516,0.15561631774902343
359,0.1783372,0.5244581,0.234640522875817,0.1558230438232422
360,0.27407965,0.50917894,0.23529411764705882,0.15607614135742187
361,0.15525274,0.65134764,0.23594771241830065,0.15627793884277344
362,0.11351134,0.35766754,0.23660130718954248,0.15637757873535157
363,0.26499704,0.39745852,0.2372549019607843,0.15702845764160156
364,0.1498279,0.14692199,0.23790849673202613,0.15772000122070312
365,0.24876137,0.5486827,0.238562091503268,0.1578617401123047
366,0.21184741,0.21791612,0.23921568627450981,0.1581979522705078
367,0.2483218,0.55045897,0.23986928104575164,0.158381591796875
368,0.18600453,0.5690157,0.24052287581699347,0.15862889099121094
369,0.22298093,0.4755879,0.2411764705882353,0.15883370971679686
370,0.091657236,0.040529337,0.24183006535947713,0.15905116271972655
371,0.5259967,0.7850006,0.24248366013071895,0.1598237609863281
372,0.13543129,0.33063522,0.24313725490196078,0.16092460632324218
373,0.78980994,0.81783074,0.2437908496732026,0.1609499969482422
374,0.2870295,0.5801024,0.24444444444444444,0.1612935333251953
375,0.7796571,0.20459248,0.24509803921568626,0.16228890991210937
376,0.22096631,0.23863424,0.2457516339869281,0.16279156494140626
377,0.24127348,0.55549914,0.24640522875816995,0.16282086181640626
378,0.15787707,0.28974512,0.24705882352941178,0.16379608154296876
379,0.390343,0.5113506,0.2477124183006536,0.1638414306640625
380,0.40129557,0.302928,0.24836601307189543,0.1642320556640625
381,0.14237982,0.1437685,0.24901960784313726,0.16463836669921875
382,0.23323809,0.4899317,0.2496732026143791,0.16485903930664061
383,0.26001045,0.45942286,0.2503267973856209,0.16497763061523438
384,0.07179249,0.013771017,0.25098039215686274,0.16525100708007812
385,0.7084929,0.73638684,0.25163398692810457,0.1662034912109375
386,0.542507,0.66168547,0.2522875816993464,0.16620944213867186
387,0.015349915,0.4008845,0.2529411764705882,0.16642848205566407
388,0.2862167,0.43392974,0.25359477124183005,0.167970947265625
389,0.073580965,0.01787451,0.2542483660130719,0.16797947692871093
390,0.20769219,0.23801702,0.2549019607843137,0.1685403594970703
391,0.20769219,0.23801702,0.25555555555555554,0.1685403594970703
392,0.010613843,0.41214463,0.25620915032679736,0.1700401153564453
393,0.3635931,0.75048584,0.2568627450980392,0.1705890350341797
394,0.19210787,0.3202379,0.257516339869281,0.17068040466308593
395,0.36526787,0.33210889,0.2581699346405229,0.17092420959472657
396,0.014134982,0.40940106,0.25882352941176473,0.17110304260253906
397,0.14259072,0.14408402,0.25947712418300656,0.1712872314453125
398,0.09357432,0.043975554,0.2601307189542484,0.17233401489257813
399,0.27803624,0.5604772,0.2607843137254902,0.1725984344482422
400,0.88588095,0.38127762,0.26143790849673204,0.17278388977050782
401,0.3801952,0.38440657,0.26209150326797387,0.17298822021484375
402,0.17425713,0.60151625,0.2627450980392157,0.1733207092285156
403,0.2740122,0.42899925,0.2633986928104575,0.1733701934814453
404,0.51752126,0.1703063,0.26405228758169935,0.17370303344726562
405,0.29598778,0.53089017,0.2647058823529412,0.1740322265625
406,0.7227382,0.7164711,0.265359477124183,0.17431350708007812
407,0.3949465,0.7830089,0.26601307189542484,0.1750870361328125
408,0.12832429,0.23712409,0.26666666666666666,0.17613279724121095
409,0.26903263,0.63435394,0.2673202614379085,0.17628187561035155
410,0.22703806,0.2271454,0.2679738562091503,0.17628219604492187
411,0.77782816,0.12794007,0.26862745098039215,0.1764565887451172
412,0.21949933,0.22629021,0.269281045751634,0.17689115905761718
413,0.38260713,0.87006617,0.2699346405228758,0.17727737426757811
414,0.35881528,0.11567098,0.27058823529411763,0.17737095642089845
415,0.23616567,0.45034558,0.27124183006535946,0.17827178955078124
416,0.3242689,0.5462853,0.2718954248366013,0.17861080932617188
417,0.39468992,0.27780822,0.2725490196078431,0.179127197265625
418,0.2172787,0.30873334,0.27320261437908494,0.17929879760742187
419,0.1784095,0.15240446,0.2738562091503268,0.17947488403320314
420,0.3534683,0.31168368,0.27450980392156865,0.1795111846923828
421,0.26441494,0.674127,0.2751633986928105,0.1797408447265625
422,0.077520244,0.0,0.2758169934640523,0.17998860168457032
423,0.54580367,0.93350995,0.27647058823529413,0.18139747619628907
424,0.09732554,0.15802665,0.27712418300653596,0.182438232421875
425,0.43595058,0.90281343,0.2777777777777778,0.18316508483886718
426,0.30623263,0.6234094,0.2784313725490196,0.18455207824707032
427,0.49934262,0.2930005,0.27908496732026145,0.18459991455078126
428,0.2586873,0.5589395,0.2797385620915033,0.1848700408935547
429,0.073017195,0.0050808466,0.2803921568627451,0.18586595153808594
430,0.7190103,0.7153295,0.28104575163398693,0.18597882080078126
431,0.23648869,0.44019333,0.28169934640522876,0.18654344177246093
432,0.3254164,0.678942,0.2823529411764706,0.18672439575195313
433,0.26051307,0.6104194,0.2830065359477124,0.18689418029785157
434,0.35635749,0.70866835,0.28366013071895424,0.1870819091796875
435,0.2673727,0.357034,0.28431372549019607,0.18745863342285157
436,0.38213375,0.47343266,0.2849673202614379,0.18747219848632812
437,0.12172499,0.6439036,0.2856209150326797,0.18824833679199218
438,0.34475365,0.84459627,0.28627450980392155,0.1887511444091797
439,0.19479264,0.4007164,0.2869281045751634,0.18979801940917967
440,0.26558292,0.16162598,0.2875816993464052,0.19079066467285155
441,0.40000567,0.8326672,0.28823529411764703,0.19095562744140626
442,0.26862723,0.5924034,0.28888888888888886,0.19162107849121093
443,0.35023412,0.6749214,0.28954248366013075,0.19177737426757813
444,0.29378524,0.5233527,0.2901960784313726,0.1918156280517578
445,0.53367114,0.65019715,0.2908496732026144,0.19242446899414062
446,0.23262355,0.48119888,0.29150326797385623,0.1930244140625
447,0.36067694,0.28480017,0.29215686274509806,0.1930654296875
448,0.3169539,0.60307884,0.2928104575163399,0.19326551818847656
449,0.2778341,0.47927922,0.2934640522875817,0.19349249267578125
450,0.09306392,0.052758787,0.29411764705882354,0.19357302856445313
451,0.3652665,0.28220576,0.29477124183006537,0.19363751220703124
452,0.47055385,0.9507206,0.2954248366013072,0.19382125854492188
453,0.33037722,0.6205248,0.296078431372549,0.19401762390136718
454,0.2489223,0.53274226,0.29673202614379085,0.194237060546875
455,0.84475136,0.20168413,0.2973856209150327,0.1950742950439453
456,0.3819409,0.7693068,0.2980392156862745,0.19520954895019532
457,0.3705413,0.7480764,0.29869281045751633,0.19524064636230468
458,0.3356776,0.6518281,0.29934640522875816,0.19541299438476561
459,0.44664448,0.30225626,0.3,0.19549227905273436
460,0.32803336,0.3061132,0.3006535947712418,0.19574658203125
461,0.26936927,0.54954606,0.30130718954248364,0.195764404296875
462,0.2924634,0.35012355,0.30196078431372547,0.19580110168457032
463,0.37469056,0.7587593,0.3026143790849673,0.19593603515625
464,0.1452563,0.32342833,0.3032679738562091,0.19595051574707031
465,0.32153276,0.7411968,0.30392156862745096,0.19604100036621094
466,0.3055874,0.60371673,0.3045751633986928,0.19645925903320313
467,0.3962652,0.80044687,0.30522875816993467,0.19666775512695311
468,0.3338421,0.6742064,0.3058823529411765,0.19669711303710938
469,0.49205562,0.45255727,0.3065359477124183,0.19684056091308594
470,0.37600118,0.5283797,0.30718954248366015,0.19688380432128907
471,0.40387103,0.7765154,0.307843137254902,0.19695045471191405
472,0.44132885,0.8699893,0.3084967320261438,0.1969847717285156
473,0.35793158,0.78435546,0.30915032679738563,0.19707757568359374
474,0.43424773,0.2629568,0.30980392156862746,0.19722232055664063
475,0.3422371,0.8166551,0.3104575163398693,0.19739073181152345
476,0.3293133,0.6342618,0.3111111111111111,0.19783583068847657
477,0.3104882,0.5325673,0.31176470588235294,0.1979530029296875
478,0.3117964,0.60885423,0.31241830065359477,0.19803854370117188
479,0.30487904,0.7540452,0.3130718954248366,0.1982336730957031
480,0.29075888,0.18495493,0.3137254901960784,0.19839886474609375
481,0.32494757,0.6476434,0.31437908496732025,0.19854072570800782
482,0.37557235,0.7644538,0.3150326797385621,0.19857643127441407
483,0.37036055,0.84506685,0.3156862745098039,0.19877757263183593
484,0.08238657,0.019219078,0.31633986928104574,0.19879397583007813
485,0.45835787,0.93938595,0.31699346405228757,0.198858154296875
486,0.097589456,0.15788819,0.3176470588235294,0.19887797546386718
487,0.32516795,0.62106735,0.3183006535947712,0.1989658203125
488,0.32047597,0.6378732,0.31895424836601305,0.198987060546875
489,0.35953838,0.86026585,0.3196078431372549,0.19940824890136719
490,0.36805,0.8542103,0.3202614379084967,0.19944845581054688
491,0.31615078,0.61363643,0.3209150326797386,0.19946188354492186
492,0.33588597,0.6388721,0.3215686274509804,0.19947406005859375
493,0.37145862,0.8678447,0.32222222222222224,0.1995026397705078
494,0.35425484,0.61389846,0.32287581699346407,0.19952076721191406
495,0.36358792,0.8463657,0.3235294117647059,0.19956707763671874
496,0.19383591,0.1471655,0.3241830065359477,0.19959373474121095
497,0.20112507,0.42145383,0.32483660130718955,0.1996506805419922
498,0.33228955,0.64455163,0.3254901960784314,0.19967433166503906
499,0.19744626,0.41508603,0.3261437908496732,0.19971302795410156
500,0.36679167,0.85986996,0.32679738562091504,0.19976251220703126
501,0.35180837,0.61446357,0.32745098039215687,0.19976652526855468
502,0.30432382,0.19719924,0.3281045751633987,0.19977505493164063
503,0.31712592,0.6298065,0.3287581699346405,0.19981268310546876
504,0.08379494,0.0019432139,0.32941176470588235,0.19991082763671875
505,0.19236429,0.41677183,0.3300653594771242,0.1999857177734375
506,0.28455263,0.18219948,0.330718954248366,0.20004212951660155
507,0.36765218,0.8348607,0.33137254901960783,0.20016317749023438
508,0.3289922,0.44121957,0.33202614379084966,0.20049464416503907
509,0.4020394,0.8061296,0.3326797385620915,0.20051535034179688
510,0.33832383,0.77069944,0.3333333333333333,0.20057286071777344
511,0.19098575,0.39886466,0.33398692810457514,0.20075665283203126
512,0.49911073,0.6754621,0.33464052287581697,0.20094944763183595
513,0.3995895,0.84428805,0.3352941176470588,0.2013788299560547
514,0.33154336,0.42041665,0.3359477124183007,0.20140342712402343
515,0.32860896,0.6654145,0.3366013071895425,0.2014279022216797
516,0.23041782,0.42172626,0.33725490196078434,0.20145263671875
517,0.3895129,0.8155467,0.33790849673202616,0.20164598083496094
518,0.3723637,0.7526665,0.338562091503268,0.2016731414794922
519,0.14930713,0.58580625,0.3392156862745098,0.20208897399902342
520,0.32484618,0.39947775,0.33986928104575165,0.2021773986816406
521,0.15075786,0.65655154,0.3405228758169935,0.20218470764160157
522,0.2944988,0.7455077,0.3411764705882353,0.20281365966796874
523,0.4626875,0.6163551,0.34183006535947713,0.2036610412597656
524,0.31937647,0.7553845,0.34248366013071896,0.2037217254638672
525,0.27841154,0.398185,0.3431372549019608,0.20384239196777343
526,0.31571525,0.44693375,0.3437908496732026,0.203935546875
527,0.31623262,0.71864146,0.34444444444444444,0.2040886688232422
528,0.31716883,0.7160204,0.34509803921568627,0.20410090637207032
529,0.40500954,0.82547796,0.3457516339869281,0.20451490783691406
530,0.43972442,0.5865504,0.3464052287581699,0.20459841918945312
531,0.021999756,0.42069975,0.34705882352941175,0.20474775695800781
532,0.4527233,0.27946344,0.3477124183006536,0.20475897216796876
533,0.30963638,0.14297791,0.3483660130718954,0.20525523376464844
534,0.29355064,0.14491804,0.34901960784313724,0.20566184997558593
535,0.96996224,0.35004985,0.34967320261437906,0.2066121826171875
536,0.3112455,0.30307943,0.3503267973856209,0.2073736114501953
537,0.26725796,0.4755739,0.3509803921568627,0.2080278778076172
538,0.4660213,0.78292346,0.3516339869281046,0.20869200134277344
539,0.29820058,0.63503766,0.35228758169934643,0.20940043640136718
540,0.46655723,0.9459691,0.35294117647058826,0.20964848327636718
541,0.27346158,0.47580785,0.3535947712418301,0.20980740356445313
542,0.3500546,0.69446117,0.3542483660130719,0.2100254364013672
543,0.41228774,0.5130643,0.35490196078431374,0.21072955322265624
544,0.28151613,0.475822,0.35555555555555557,0.21120179748535156
545,0.41134578,0.7052411,0.3562091503267974,0.21138999938964845
546,0.34466088,0.7907756,0.3568627450980392,0.21141297912597656
547,0.2958702,0.19216555,0.35751633986928105,0.2116381378173828
548,0.16340071,0.62796587,0.3581699346405229,0.21174906921386719
549,0.24755041,0.5666597,0.3588235294117647,0.21280242919921874
550,0.5582555,0.5881839,0.35947712418300654,0.2128412322998047
551,0.09100509,0.049904518,0.36013071895424836,0.21316783142089843
552,0.6035697,0.83528584,0.3607843137254902,0.21323017883300782
553,0.36025938,0.3116018,0.361437908496732,0.21335923767089843
554,0.8411621,0.49180332,0.36209150326797385,0.21337661743164063
555,0.14715561,0.5868944,0.3627450980392157,0.2141422576904297
556,0.28721443,0.47662935,0.3633986928104575,0.2141802062988281
557,0.31547186,0.4471204,0.36405228758169933,0.21428315734863282
558,0.8585716,0.18316592,0.36470588235294116,0.21433314514160157
559,0.24917589,0.44593582,0.365359477124183,0.21461434936523438
560,0.47883993,0.6162518,0.3660130718954248,0.21462504577636718
561,0.33028778,0.53557444,0.36666666666666664,0.21464646911621094
562,0.37207365,0.3444753,0.3673202614379085,0.2150419464111328
563,0.2579796,0.40742528,0.36797385620915035,0.21507846069335937
564,0.28708705,0.42194492,0.3686274509803922,0.21529888916015624
565,0.45357245,0.5473584,0.369281045751634,0.2157314910888672
566,0.58542305,0.9793786,0.36993464052287583,0.2157938232421875
567,0.44443494,0.91044486,0.37058823529411766,0.21633201599121094
568,0.14881259,0.21563837,0.3712418300653595,0.21633529663085938
569,0.07667055,0.010739248,0.3718954248366013,0.21650381469726562
570,0.30862218,0.65428865,0.37254901960784315,0.2178899841308594
571,0.50785565,0.8521441,0.373202614379085,0.21876058959960937
572,0.37139228,0.53932315,0.3738562091503268,0.2189412384033203
573,0.2618838,0.5067487,0.37450980392156863,0.21904631042480469
574,0.2945192,0.35544744,0.37516339869281046,0.21934226989746095
575,0.83348244,0.34124526,0.3758169934640523,0.21975079345703125
576,0.44590214,0.5997855,0.3764705882352941,0.2204078369140625
577,0.45001757,0.35095572,0.37712418300653594,0.2206033477783203
578,0.24477851,0.47088274,0.37777777777777777,0.22105474853515625
579,0.37346125,0.29565594,0.3784313725490196,0.22336117553710938
580,0.39826348,0.51659,0.3790849673202614,0.2234634552001953
581,0.78677404,0.69974655,0.37973856209150325,0.22369808959960938
582,0.38321945,0.25971556,0.3803921568627451,0.22373356628417967
583,0.41156143,0.2880924,0.3810457516339869,0.22389729309082032
584,0.5029044,0.31379014,0.38169934640522873,0.22425924682617188
585,0.37850276,0.3204689,0.38235294117647056,0.22451730346679688
586,0.35496008,0.68832517,0.38300653594771245,0.22588124084472655
587,0.4502549,0.3512008,0.3836601307189543,0.2261531982421875
588,0.34755158,0.3062943,0.3843137254901961,0.22743281555175782
589,0.4977715,0.25805944,0.38496732026143793,0.2275225372314453
590,0.30627534,0.39155483,0.38562091503267976,0.22816447448730467
591,0.5510658,0.89439225,0.3862745098039216,0.2284288330078125
592,0.3867315,0.4793911,0.3869281045751634,0.2287037353515625
593,0.56808716,0.77681106,0.38758169934640524,0.22934025573730468
594,0.43509498,0.5222965,0.38823529411764707,0.22955960083007812
595,0.38939983,0.230141,0.3888888888888889,0.22956936645507814
596,0.26295182,0.6162573,0.3895424836601307,0.2299730987548828
597,0.38818672,0.49608135,0.39019607843137255,0.22999639892578125
598,0.4661,0.22259623,0.3908496732026144,0.23138784790039063
599,0.5801847,0.9712372,0.3915032679738562,0.23167637634277344
600,0.58287114,0.976469,0.39215686274509803,0.2318151397705078
601,0.7549402,0.5731355,0.39281045751633986,0.23184700012207032
602,0.3540214,0.3388337,0.3934640522875817,0.23286029052734375
603,0.385525,0.25813064,0.3941176470588235,0.23319541931152343
604,0.45342463,0.58667713,0.39477124183006534,0.23347917175292968
605,0.5753774,0.4884477,0.3954248366013072,0.23382511901855468
606,0.8217306,0.29008922,0.396078431372549,0.23484738159179688
607,0.44887513,0.53592926,0.39673202614379083,0.23501516723632812
608,0.271662,0.53507143,0.39738562091503266,0.23511883544921874
609,0.72065246,0.7984746,0.3980392156862745,0.2362566680908203
610,0.25655732,0.47532302,0.39869281045751637,0.23642868041992188
611,0.44228113,0.69795954,0.3993464052287582,0.23762197875976562
612,0.2648288,0.599222,0.4,0.23784286499023438
613,0.3299433,0.40361413,0.40065359477124185,0.23787458801269531
614,0.49379724,0.30583677,0.4013071895424837,0.2382691955566406
615,0.6378528,0.70734257,0.4019607843137255,0.2384005889892578
616,0.49982423,0.44364417,0.40261437908496733,0.2388954772949219
617,0.27616405,0.46335536,0.40326797385620916,0.23901182556152345
618,0.5377121,0.21097068,0.403921568627451,0.23922032165527343
619,0.34362707,0.39763382,0.4045751633986928,0.2393882293701172
620,0.49273813,0.55271065,0.40522875816993464,0.23973297119140624
621,0.36279875,0.0936908,0.40588235294117647,0.24013235473632813
622,0.3585452,0.747808,0.4065359477124183,0.24062074279785156
623,0.9405933,0.45690364,0.4071895424836601,0.24128034973144533
624,0.5076908,0.7880895,0.40784313725490196,0.24145916748046875
625,0.5438139,0.3256318,0.4084967320261438,0.24438656616210938
626,0.42498496,0.73147583,0.4091503267973856,0.24455380249023437
627,0.29645628,0.14195545,0.40980392156862744,0.24490802001953124
628,0.74935937,0.8687017,0.41045751633986927,0.2449611053466797
629,0.40953937,0.48335695,0.4111111111111111,0.24553083801269532
630,0.38175648,0.40247267,0.4117647058823529,0.24649618530273437
631,0.42908126,0.13702114,0.41241830065359475,0.2465495300292969
632,0.41684565,0.98395675,0.4130718954248366,0.2467052764892578
633,0.4016032,0.3624178,0.4137254901960784,0.24763560485839844
634,0.3992146,0.21472563,0.4143790849673203,0.24772637939453124
635,0.5605423,0.59632546,0.4150326797385621,0.24822921752929689
636,0.5114252,0.9118906,0.41568627450980394,0.24836578369140624
637,0.4277883,0.47796565,0.41633986928104577,0.24924142456054688
638,0.41921908,0.9813908,0.4169934640522876,0.24939759826660157
639,0.38185942,0.52357775,0.4176470588235294,0.24947128295898438
640,0.5319154,0.19619833,0.41830065359477125,0.25027215576171874
641,0.2906903,0.40100718,0.4189542483660131,0.2504941711425781
642,0.33267835,0.43347695,0.4196078431372549,0.2507068786621094
643,0.5072868,0.74982184,0.42026143790849674,0.25077630615234375
644,0.37363026,0.311542,0.42091503267973857,0.25111163330078123
645,0.3316846,0.113108106,0.4215686274509804,0.251754150390625
646,0.5481655,0.9564884,0.4222222222222222,0.25197921752929686
647,0.8817571,0.53129244,0.42287581699346405,0.25210540771484374
648,0.3908905,0.5481841,0.4235294117647059,0.25231304931640625
649,0.2728534,0.52542585,0.4241830065359477,0.25241831970214845
650,0.45449394,0.2395881,0.42483660130718953,0.2524972686767578
651,0.35771668,0.42089188,0.42549019607843136,0.254466796875
652,0.5485553,0.71932423,0.4261437908496732,0.25453106689453125
653,0.16094856,0.10355573,0.426797385620915,0.25459503173828124
654,0.4960328,0.45629394,0.42745098039215684,0.2547523193359375
655,0.44724074,0.3413855,0.42810457516339867,0.2552235260009766
656,0.35008374,0.42009434,0.4287581699346405,0.25555580139160156
657,0.3524633,0.788503,0.4294117647058823,0.256192138671875
658,0.88308805,0.43448728,0.4300653594771242,0.25691860961914065
659,0.4104328,0.91873866,0.43071895424836604,0.2571976318359375
660,0.56092113,0.48068687,0.43137254901960786,0.2572564392089844
661,0.36682716,0.36301467,0.4320261437908497,0.2572954711914063
662,0.5661437,0.7866433,0.4326797385620915,0.2575805053710937
663,0.3810491,0.2308383,0.43333333333333335,0.25782525634765624
664,0.47118986,0.27622384,0.4339869281045752,0.2582044372558594
665,0.40776956,0.8391952,0.434640522875817,0.25894833374023435
666,0.60258543,0.46732274,0.43529411764705883,0.259217041015625
667,0.7890984,0.23915571,0.43594771241830066,0.260156005859375
668,0.5207496,0.19353905,0.4366013071895425,0.2604523620605469
669,0.2935086,0.3900512,0.4372549019607843,0.260565673828125
670,0.35370916,0.085060224,0.43790849673202614,0.26125143432617187
671,0.47938994,0.42288184,0.43856209150326797,0.26182574462890623
672,0.6015335,0.90805787,0.4392156862745098,0.26287860107421873
673,0.8107302,0.09966215,0.4398692810457516,0.26305111694335936
674,0.45090035,0.7744714,0.44052287581699345,0.26334600830078125
675,0.66426617,0.88357466,0.4411764705882353,0.2640750122070312
676,0.44364876,0.53409344,0.4418300653594771,0.264135986328125
677,0.3660492,0.35010204,0.44248366013071894,0.26420928955078127
678,0.17404696,0.66361874,0.44313725490196076,0.2653786926269531
679,0.42106774,0.19852161,0.4437908496732026,0.26705908203125
680,0.341349,0.40425757,0.4444444444444444,0.2671560363769531
681,0.38507256,0.37201148,0.44509803921568625,0.2671787109375
682,0.32012922,0.29239637,0.44575163398692813,0.2674944152832031
683,0.49776998,0.40790528,0.44640522875816996,0.2682646179199219
684,0.17392543,0.6685568,0.4470588235294118,0.2684608154296875
685,0.43047142,0.51471174,0.4477124183006536,0.26858160400390624
686,0.40829214,0.28060192,0.44836601307189544,0.268687255859375
687,0.5603273,0.474238,0.44901960784313727,0.26915228271484376
688,0.6442331,0.42107812,0.4496732026143791,0.2693503112792969
689,0.34491584,0.83515584,0.4503267973856209,0.2693584899902344
690,0.48709416,0.3529279,0.45098039215686275,0.2694593505859375
691,0.4687676,0.19069447,0.4516339869281046,0.2696354675292969
692,0.35601294,0.10197832,0.4522875816993464,0.2696832580566406
693,0.34509468,0.43671522,0.45294117647058824,0.27022915649414064
694,0.41787824,0.17527977,0.45359477124183006,0.27032937622070313
695,0.57136685,0.7457012,0.4542483660130719,0.270722900390625
696,0.47352785,0.94371575,0.4549019607843137,0.2710160827636719
697,0.5760156,0.20909666,0.45555555555555555,0.27116079711914065
698,0.49974412,0.6134788,0.4562091503267974,0.2714864501953125
699,0.3320926,0.3829743,0.4568627450980392,0.2716510009765625
700,0.53098935,0.6273485,0.45751633986928103,0.27188238525390623
701,0.5656459,0.427992,0.45816993464052286,0.27227780151367187
702,0.55680245,0.32793224,0.4588235294117647,0.2724748229980469
703,0.4847815,0.62925065,0.4594771241830065,0.27309130859375
704,0.43729296,0.21480294,0.46013071895424834,0.2766719360351563
705,0.60405576,0.8753073,0.46078431372549017,0.2772819519042969
706,0.7825782,0.8353759,0.46143790849673205,0.27763909912109375
707,0.4071848,0.6296212,0.4620915032679739,0.2783128051757813
708,0.60294366,0.88028276,0.4627450980392157,0.2787861633300781
709,0.34719715,0.38005635,0.46339869281045754,0.27937799072265623
710,0.6325031,0.8511039,0.46405228758169936,0.27994277954101565
711,0.76143754,0.65693194,0.4647058823529412,0.2801926574707031
712,0.5229097,0.33982965,0.465359477124183,0.28021279907226565
713,0.60475296,0.823096,0.46601307189542485,0.2805682373046875
714,0.4572044,0.3005974,0.4666666666666667,0.2806204833984375
715,0.4189561,0.90033513,0.4673202614379085,0.28161297607421876
716,0.48081338,0.5317489,0.46797385620915033,0.2835948486328125
717,0.5597544,0.21394745,0.46862745098039216,0.2836222839355469
718,0.5165313,0.2528229,0.469281045751634,0.28464035034179686
719,0.7923557,0.40212768,0.4699346405228758,0.2850409240722656
720,0.47835577,0.79344684,0.47058823529411764,0.28525662231445315
721,0.6107079,0.7082668,0.47124183006535947,0.28645193481445314
722,0.75872034,0.82465506,0.4718954248366013,0.2864799499511719
723,0.3019177,0.15300182,0.4725490196078431,0.28751388549804685
724,0.19453132,0.14623578,0.47320261437908495,0.28815866088867187
725,0.516805,0.4627934,0.4738562091503268,0.28823333740234375
726,0.62714326,0.66462266,0.4745098039215686,0.28986453247070315
727,0.43245196,0.21975197,0.47516339869281043,0.29000656127929686
728,0.42422345,0.18303332,0.47581699346405226,0.290474609375
729,0.40342432,0.3516155,0.4764705882352941,0.2907359619140625
730,0.44806135,0.9083277,0.477124183006536,0.29201898193359377
731,0.7825271,0.5402263,0.4777777777777778,0.292255126953125
732,0.47839886,0.7919287,0.47843137254901963,0.29237655639648436
733,0.4476627,0.9428088,0.47908496732026146,0.29238787841796876
734,0.43762732,0.25597924,0.4797385620915033,0.2930865478515625
735,0.27021492,0.38247642,0.4803921568627451,0.29310293579101565
736,0.49269152,0.2938959,0.48104575163398694,0.293452392578125
737,0.5562255,0.64160603,0.48169934640522877,0.2935938415527344
738,0.52504206,0.7730055,0.4823529411764706,0.2937117919921875
739,0.39260694,0.62718785,0.4830065359477124,0.2940924377441406
740,0.9073688,0.38322785,0.48366013071895425,0.29568487548828126
741,0.4122397,0.83740276,0.4843137254901961,0.29579766845703126
742,0.44846085,0.38005164,0.4849673202614379,0.296783935546875
743,0.48617974,0.55598974,0.48562091503267973,0.29772482299804687
744,0.3892107,0.3445329,0.48627450980392156,0.2986521911621094
745,0.47677016,0.6334547,0.4869281045751634,0.2989222106933594
746,0.8470354,0.14429541,0.4875816993464052,0.2996340637207031
747,0.5292555,0.5583182,0.48823529411764705,0.299675048828125
748,0.62353414,0.25362304,0.4888888888888889,0.2998105163574219
749,0.45510912,0.3689762,0.4895424836601307,0.2999346618652344
750,0.4713911,0.60479546,0.49019607843137253,0.3006207275390625
751,0.42761594,0.47645375,0.49084967320261436,0.3008896789550781
752,0.42850497,0.97290546,0.4915032679738562,0.3013743896484375
753,0.6026059,0.2718686,0.492156862745098,0.3013885498046875
754,0.4671995,0.6134345,0.4928104575163399,0.30155267333984376
755,0.4284667,0.19298033,0.4934640522875817,0.30182461547851563
756,0.55495626,0.5829765,0.49411764705882355,0.30350006103515625
757,0.6505039,0.7953494,0.4947712418300654,0.30379095458984373
758,0.7636937,0.721286,0.4954248366013072,0.30394375610351565
759,0.33730114,0.54667914,0.49607843137254903,0.3048793640136719
760,0.5547442,0.918781,0.49673202614379086,0.3050242004394531
761,0.36798808,0.7044217,0.4973856209150327,0.3054490051269531
762,0.42490995,0.3791531,0.4980392156862745,0.3060794372558594
763,0.7404297,0.5004068,0.49869281045751634,0.3065674438476563
764,0.34856683,0.6792416,0.4993464052287582,0.3070456237792969
765,0.29120973,0.15629086,0.5,0.30750494384765625
766,0.30734468,0.29376566,0.5006535947712418,0.30929840087890625
767,0.52615315,0.26460582,0.5013071895424837,0.3095208435058594
768,0.8548704,0.6350488,0.5019607843137255,0.30955731201171877
769,0.6207622,0.7925922,0.5026143790849673,0.31018115234375
770,0.6265411,0.71161216,0.5032679738562091,0.31026553344726565
771,0.5008108,0.33723888,0.503921568627451,0.3106007080078125
772,0.5653409,0.8233583,0.5045751633986928,0.31207550048828125
773,0.3609145,0.09504799,0.5052287581699346,0.31221142578125
774,0.3258199,0.12313686,0.5058823529411764,0.3129326171875
775,0.4288146,0.16606946,0.5065359477124183,0.3142935485839844
776,0.6077396,0.5713492,0.5071895424836601,0.3145386962890625
777,0.5012382,0.82427174,0.5078431372549019,0.31486376953125
778,0.586281,0.39345023,0.5084967320261438,0.31630511474609374
779,0.49106428,0.33141497,0.5091503267973856,0.3167640380859375
780,0.6004904,0.17943841,0.5098039215686274,0.3168056640625
781,0.2987004,0.15612966,0.5104575163398692,0.3176337890625
782,0.5310068,0.8682847,0.5111111111111111,0.31763980102539063
783,0.38509247,0.30804753,0.5117647058823529,0.31815740966796874
784,0.47781196,0.59523016,0.5124183006535947,0.3182291259765625
785,0.43373224,0.1719798,0.5130718954248366,0.31841424560546877
786,0.50419915,0.41019815,0.5137254901960784,0.31848638916015626
787,0.39097744,0.2360979,0.5143790849673202,0.3186131286621094
788,0.47205424,0.36135328,0.515032679738562,0.31930340576171873
789,0.63163334,0.80077153,0.515686274509804,0.3193291931152344
790,0.4275125,0.21606553,0.5163398692810458,0.31965545654296873
791,0.7138601,0.82019275,0.5169934640522876,0.31980206298828123
792,0.49721467,0.85374147,0.5176470588235295,0.32079507446289063
793,0.22459723,0.21725267,0.5183006535947713,0.3215643005371094
794,0.43577686,0.5828864,0.5189542483660131,0.32191839599609373
795,0.47923398,0.43673137,0.5196078431372549,0.32286380004882814
796,0.68652153,0.30289638,0.5202614379084968,0.3235669250488281
797,0.44996074,0.49961522,0.5209150326797386,0.325820556640625
798,0.5413612,0.89015096,0.5215686274509804,0.3273193969726563
799,0.34392402,0.5316822,0.5222222222222223,0.3273230285644531
800,0.5849238,0.3735046,0.5228758169934641,0.3279671020507812
801,0.5491455,0.40198883,0.5235294117647059,0.32816769409179686
802,0.603127,0.24862762,0.5241830065359477,0.3287554016113281
803,0.45730454,0.48147064,0.5248366013071896,0.3291063232421875
804,0.50655186,0.90253943,0.5254901960784314,0.3304757995605469
805,0.3150627,0.75413036,0.5261437908496732,0.33163137817382815
806,0.5770422,0.7262038,0.526797385620915,0.3322176208496094
807,0.42364857,0.16381702,0.5274509803921569,0.3325536804199219
808,0.40912825,0.18486182,0.5281045751633987,0.33257122802734373
809,0.32921836,0.55746746,0.5287581699346405,0.332957763671875
810,0.34698814,0.76477146,0.5294117647058824,0.33309619140625
811,0.33755067,0.09901177,0.5300653594771242,0.333242431640625
812,0.5500251,0.2187171,0.530718954248366,0.33332754516601565
813,0.5515624,0.303029,0.5313725490196078,0.33401754760742186
814,0.4878599,0.5692589,0.5320261437908497,0.33417770385742185
815,0.4036709,0.514541,0.5326797385620915,0.3342459411621094
816,0.46686623,0.2574897,0.5333333333333333,0.3343544921875
817,0.55417305,0.9108944,0.5339869281045752,0.3344955749511719
818,0.5178939,0.33688056,0.534640522875817,0.33511178588867185
819,0.5550957,0.333254,0.5352941176470588,0.33536935424804687
820,0.63041484,0.77969635,0.5359477124183006,0.3354490661621094
821,0.41253555,0.9169771,0.5366013071895425,0.3361865234375
822,0.61466324,0.49710518,0.5372549019607843,0.3362383728027344
823,0.47780523,0.95040125,0.5379084967320261,0.33643743896484374
824,0.4850943,0.41924378,0.538562091503268,0.33723370361328125
825,0.8063497,0.64956313,0.5392156862745098,0.33740652465820314
826,0.40975395,0.27393115,0.5398692810457516,0.33962884521484377
827,0.20897068,0.5813577,0.5405228758169934,0.34162896728515624
828,0.55428725,0.70276564,0.5411764705882353,0.34169476318359376
829,0.47448543,0.43931362,0.5418300653594771,0.34211749267578123
830,0.5787066,0.88163924,0.5424836601307189,0.34313958740234374
831,0.4069399,0.30772364,0.5431372549019607,0.34317779541015625
832,0.29714754,0.44156548,0.5437908496732026,0.3470013732910156
833,0.498524,0.26750174,0.5444444444444444,0.3480570373535156
834,0.6162957,0.7875066,0.5450980392156862,0.34818173217773435
835,0.49336854,0.8320646,0.545751633986928,0.3492366943359375
836,0.49605274,0.35908788,0.5464052287581699,0.3501184997558594
837,0.5040269,0.8664669,0.5470588235294118,0.3506837463378906
838,0.45108896,0.49776152,0.5477124183006536,0.352033935546875
839,0.3955046,0.27802208,0.5483660130718955,0.35242486572265624
840,0.5608602,0.32092896,0.5490196078431373,0.35559735107421875
841,0.62869203,0.7245313,0.5496732026143791,0.3558484497070312
842,0.56350976,0.7219523,0.550326797385621,0.3558675842285156
843,0.42803547,0.91186833,0.5509803921568628,0.356741455078125
844,0.5197973,0.33193216,0.5516339869281046,0.3579122314453125
845,0.6426217,0.87778276,0.5522875816993464,0.35868331909179685
846,0.54749745,0.95272905,0.5529411764705883,0.35883349609375
847,0.6223541,0.6740358,0.5535947712418301,0.3597361450195313
848,0.57564723,0.19029623,0.5542483660130719,0.36035751342773437
849,0.69095945,0.85071623,0.5549019607843138,0.36050302124023437
850,0.34021986,0.5523061,0.5555555555555556,0.36051412963867185
851,0.50561684,0.6096117,0.5562091503267974,0.36094671630859376
852,0.45218572,0.20552528,0.5568627450980392,0.36126727294921873
853,0.5901766,0.97174066,0.5575163398692811,0.36192318725585937
854,0.46355957,0.25540546,0.5581699346405229,0.3627185363769531
855,0.5670515,0.21225815,0.5588235294117647,0.363879638671875
856,0.75036323,0.71780854,0.5594771241830065,0.36398291015625
857,0.583585,0.8779627,0.5601307189542484,0.36501580810546874
858,0.5245708,0.20311467,0.5607843137254902,0.3650634155273437
859,0.44499916,0.28277513,0.561437908496732,0.36540802001953127
860,0.457307,0.292278,0.5620915032679739,0.36558773803710937
861,0.6476863,0.67120016,0.5627450980392157,0.36563949584960936
862,0.46760675,0.7667125,0.5633986928104575,0.36581173706054687
863,0.5642436,0.4266321,0.5640522875816993,0.36587554931640626
864,0.5696148,0.7590998,0.5647058823529412,0.36626443481445314
865,0.50163716,0.7755141,0.565359477124183,0.36631903076171873
866,0.52835673,0.7960199,0.5660130718954248,0.3681107788085938
867,0.76530725,0.662212,0.5666666666666667,0.36820416259765626
868,0.6907511,0.8616947,0.5673202614379085,0.36821209716796877
869,0.75000805,0.8608211,0.5679738562091503,0.3682220764160156
870,0.6146571,0.8985976,0.5686274509803921,0.36838720703125
871,0.5292056,0.58086354,0.569281045751634,0.3687821655273438
872,0.37721074,0.4261847,0.5699346405228758,0.3691891174316406
873,0.2977079,0.7651043,0.5705882352941176,0.36952828979492186
874,0.29512,0.16834264,0.5712418300653594,0.36954534912109377
875,0.43988112,0.75674367,0.5718954248366013,0.37014682006835936
876,0.8032822,0.6630279,0.5725490196078431,0.37059396362304686
877,0.41876316,0.4639908,0.5732026143790849,0.3707917785644531
878,0.35074747,0.1069591,0.5738562091503268,0.3719073791503906
879,0.6036968,0.33865136,0.5745098039215686,0.3734430236816406
880,0.5787619,0.5767245,0.5751633986928104,0.37353424072265623
881,0.6078048,0.5897244,0.5758169934640522,0.3735412902832031
882,0.49070406,0.6479867,0.5764705882352941,0.3738306579589844
883,0.52072954,0.6210594,0.5771241830065359,0.37482931518554685
884,0.51803124,0.7267205,0.5777777777777777,0.3765110473632812
885,0.47274584,0.19668685,0.5784313725490197,0.37658267211914065
886,0.42003322,0.23531005,0.5790849673202615,0.37674267578125
887,0.6479496,0.89967763,0.5797385620915033,0.3774054870605469
888,0.59098274,0.91247094,0.5803921568627451,0.3774392395019531
889,0.5815347,0.27426916,0.581045751633987,0.37776187133789063
890,0.5903103,0.36288518,0.5816993464052288,0.3795433044433594
891,0.49679428,0.88758874,0.5823529411764706,0.38075439453125
892,0.5562742,0.86044365,0.5830065359477125,0.3808299560546875
893,0.53457266,0.6376678,0.5836601307189543,0.3820673522949219
894,0.8487272,0.5521965,0.5843137254901961,0.3830342102050781
895,0.5859643,0.27444273,0.5849673202614379,0.38376852416992185
896,0.51124805,0.31277728,0.5856209150326798,0.3844353332519531
897,0.603374,0.7045633,0.5862745098039216,0.3850282897949219
898,0.4518446,0.4794717,0.5869281045751634,0.38631195068359375
899,0.65460986,0.47183242,0.5875816993464053,0.38677838134765624
900,0.3934775,0.5211208,0.5882352941176471,0.38717184448242187
901,0.6738611,0.7594922,0.5888888888888889,0.3873352355957031
902,0.39124158,0.62131673,0.5895424836601307,0.38811233520507815
903,0.44873744,0.24677311,0.5901960784313726,0.3884787292480469
904,0.47086063,0.25337145,0.5908496732026144,0.3885689392089844
905,0.5557985,0.6898205,0.5915032679738562,0.3889010009765625
906,0.5010789,0.33001304,0.592156862745098,0.38912655639648436
907,0.60413337,0.8515066,0.5928104575163399,0.3895807495117187
908,0.5095071,0.4055109,0.5934640522875817,0.38972006225585937
909,0.42236006,0.3089399,0.5941176470588235,0.3903781433105469
910,0.5482773,0.9421215,0.5947712418300654,0.39179541015625
911,0.5041575,0.76726717,0.5954248366013072,0.39192071533203127
912,0.5098922,0.92299837,0.596078431372549,0.3922587890625
913,0.5912416,0.2236152,0.5967320261437908,0.39336734008789065
914,0.51473635,0.26219398,0.5973856209150327,0.39363006591796873
915,0.5993176,0.18938759,0.5980392156862745,0.3936999206542969
916,0.50308645,0.21081682,0.5986928104575163,0.39398638916015627
917,0.12160112,0.6048887,0.5993464052287582,0.3956595458984375
918,0.5023418,0.3610107,0.6,0.39627224731445315
919,0.4671224,0.59882617,0.6006535947712418,0.39690896606445314
920,0.37177998,0.42184523,0.6013071895424836,0.39775830078125
921,0.57554424,0.7455125,0.6019607843137255,0.3987049255371094
922,0.60556954,0.7393636,0.6026143790849673,0.39882785034179685
923,0.5174725,0.16004297,0.6032679738562091,0.3997104797363281
924,0.6010725,0.391561,0.6039215686274509,0.4004063720703125
925,0.57215726,0.5942033,0.6045751633986928,0.401870849609375
926,0.604446,0.23490769,0.6052287581699346,0.401974853515625
927,0.53718257,0.68177426,0.6058823529411764,0.4025932922363281
928,0.51282376,0.39813778,0.6065359477124183,0.40334295654296876
929,0.6325708,0.6935893,0.6071895424836601,0.4039042663574219
930,0.753189,0.5754977,0.6078431372549019,0.40402880859375
931,0.62439644,0.80117774,0.6084967320261437,0.40439437866210937
932,0.69013005,0.63169044,0.6091503267973856,0.4048722229003906
933,0.41668984,0.19345716,0.6098039215686275,0.40506021118164065
934,0.4951088,0.9065919,0.6104575163398693,0.40528207397460936
935,0.54388374,0.39752302,0.6111111111111112,0.405443115234375
936,0.739234,0.17390269,0.611764705882353,0.40627523803710935
937,0.3808638,0.41646966,0.6124183006535948,0.4064223937988281
938,0.7398455,0.7650916,0.6130718954248366,0.4064861145019531
939,0.5196026,0.7098239,0.6137254901960785,0.4066683044433594
940,0.6641731,0.6792414,0.6143790849673203,0.40796905517578125
941,0.63791984,0.92677265,0.6150326797385621,0.408329345703125
942,0.58202505,0.26254398,0.615686274509804,0.4084951171875
943,0.6690997,0.46901935,0.6163398692810458,0.40893194580078124
944,0.6064334,0.4775756,0.6169934640522876,0.40917416381835936
945,0.5868204,0.8100473,0.6176470588235294,0.4096764221191406
946,0.38899618,0.6264987,0.6183006535947713,0.4098242492675781
947,0.60109395,0.7356801,0.6189542483660131,0.41026409912109374
948,0.6304468,0.24264103,0.6196078431372549,0.41032159423828124
949,0.5138226,0.7356143,0.6202614379084967,0.4112366638183594
950,0.4048183,0.5066307,0.6209150326797386,0.41165164184570313
951,0.5996733,0.18665811,0.6215686274509804,0.4116604614257813
952,0.5288065,0.6264182,0.6222222222222222,0.412906494140625
953,0.49715635,0.2153255,0.6228758169934641,0.41318206787109374
954,0.40936506,0.48330674,0.6235294117647059,0.4153604736328125
955,0.74359655,0.73151577,0.6241830065359477,0.41639227294921877
956,0.5294862,0.6037465,0.6248366013071895,0.4177528076171875
957,0.7410311,0.7609144,0.6254901960784314,0.41806314086914065
958,0.89508283,0.59810925,0.6261437908496732,0.418235107421875
959,0.83640534,0.545185,0.626797385620915,0.41912677001953125
960,0.48121554,0.2606331,0.6274509803921569,0.42177899169921873
961,0.61464065,0.26348007,0.6281045751633987,0.4220812072753906
962,0.62261784,0.84199095,0.6287581699346405,0.42281842041015627
963,0.6333637,0.6620953,0.6294117647058823,0.42318804931640625
964,0.83882916,0.092873804,0.6300653594771242,0.4235285339355469
965,0.5877054,0.74952465,0.630718954248366,0.4246019592285156
966,0.68457156,0.49457365,0.6313725490196078,0.4247790832519531
967,0.6887259,0.22989258,0.6320261437908496,0.4250505981445313
968,0.67531395,0.8565341,0.6326797385620915,0.42570425415039065
969,0.6305656,0.9255971,0.6333333333333333,0.4257439880371094
970,0.6070664,0.5019209,0.6339869281045751,0.42599896240234375
971,0.7686921,0.66408646,0.634640522875817,0.4261058959960938
972,0.9191363,0.5139289,0.6352941176470588,0.42735693359375
973,0.8956176,0.54464227,0.6359477124183006,0.42747317504882815
974,0.7912148,0.14146437,0.6366013071895424,0.4277090148925781
975,0.74680585,0.51346314,0.6372549019607843,0.42773175048828127
976,0.52069354,0.22073725,0.6379084967320261,0.427845458984375
977,0.6425466,0.8566085,0.6385620915032679,0.427988525390625
978,0.6132596,0.5884005,0.6392156862745098,0.4284857482910156
979,0.6148005,0.8905861,0.6398692810457516,0.42857562255859377
980,0.40228087,0.728608,0.6405228758169934,0.42860186767578123
981,0.86523205,0.32389817,0.6411764705882353,0.42883489990234375
982,0.81635416,0.3892443,0.6418300653594772,0.42969921875
983,0.5480935,0.8330661,0.642483660130719,0.43073602294921876
984,0.8422102,0.54488474,0.6431372549019608,0.4308216552734375
985,0.77495444,0.632287,0.6437908496732027,0.4311633911132812
986,0.52385503,0.28630453,0.6444444444444445,0.43184857177734376
987,0.5088847,0.4212402,0.6450980392156863,0.4320641784667969
988,0.60736465,0.65851367,0.6457516339869281,0.4335094299316406
989,0.5401338,0.35416391,0.64640522875817,0.43379415893554685
990,0.63421774,0.673262,0.6470588235294118,0.43424014282226564
991,0.58133495,0.76026034,0.6477124183006536,0.43457272338867187
992,0.60486585,0.53797126,0.6483660130718955,0.43504632568359375
993,0.52840537,0.86247003,0.6490196078431373,0.4351192626953125
994,0.8528571,0.5818145,0.6496732026143791,0.43536151123046873
995,0.5733156,0.2810259,0.6503267973856209,0.43554934692382813
996,0.7143454,0.8290558,0.6509803921568628,0.4396500549316406
997,0.47343844,0.3717144,0.6516339869281046,0.4396786193847656
998,0.60253584,0.77527577,0.6522875816993464,0.44030291748046874
999,0.51975465,0.42759526,0.6529411764705882,0.4409022827148438
1000,0.62345,0.3889857,0.6535947712418301,0.4415816955566406
1001,0.6449352,0.46290776,0.6542483660130719,0.44184356689453125
1002,0.8576425,0.65081507,0.6549019607843137,0.44213043212890624
1003,0.33715063,0.78615695,0.6555555555555556,0.44223321533203125
1004,0.5435865,0.29139763,0.6562091503267974,0.4434581298828125
1005,0.5291509,0.7652314,0.6568627450980392,0.44364157104492186
1006,0.7603719,0.38724664,0.657516339869281,0.443802734375
1007,0.7133112,0.5836168,0.6581699346405229,0.4439131774902344
1008,0.5087564,0.60577255,0.6588235294117647,0.44426434326171876
1009,0.8183075,0.4316938,0.6594771241830065,0.44438284301757813
1010,0.82074714,0.6227585,0.6601307189542484,0.444393798828125
1011,0.6279294,0.6786156,0.6607843137254902,0.44479763793945315
1012,0.44823998,0.5273615,0.661437908496732,0.4448523864746094
1013,0.8012867,0.46526662,0.6620915032679738,0.4451848449707031
1014,0.74916655,0.56357634,0.6627450980392157,0.4453603515625
1015,0.7458485,0.5324632,0.6633986928104575,0.446209228515625
1016,0.7115949,0.56916845,0.6640522875816993,0.4469571533203125
1017,0.8511603,0.5955386,0.6647058823529411,0.44710693359375
1018,0.5920107,0.38224465,0.665359477124183,0.4472343444824219
1019,0.6904376,0.31063336,0.6660130718954248,0.4475219116210937
1020,0.64625096,0.87042916,0.6666666666666666,0.4481268615722656
1021,0.70056695,0.5853449,0.6673202614379085,0.44815597534179685
1022,0.6198465,0.9125917,0.6679738562091503,0.4490152587890625
1023,0.5088432,0.21466678,0.6686274509803921,0.44926837158203126
1024,0.5448261,0.6963094,0.6692810457516339,0.44952313232421875
1025,0.53773797,0.21949892,0.6699346405228758,0.45054058837890626
1026,0.7660306,0.6358279,0.6705882352941176,0.4511739807128906
1027,0.5546025,0.40934575,0.6712418300653594,0.45162823486328124
1028,0.41461214,0.7171639,0.6718954248366014,0.4541603088378906
1029,0.6016233,0.75090593,0.6725490196078432,0.45427493286132814
1030,0.5432676,0.86913675,0.673202614379085,0.45520974731445313
1031,0.5182245,0.77053934,0.6738562091503268,0.45525064086914063
1032,0.56298167,0.7581414,0.6745098039215687,0.45553903198242185
1033,0.5338178,0.781172,0.6751633986928105,0.45721920776367186
1034,0.73560023,0.72784525,0.6758169934640523,0.4573676147460938
1035,0.57010186,0.62511224,0.6764705882352942,0.45767333984375
1036,0.7687197,0.7248923,0.677124183006536,0.45782452392578127
1037,0.765494,0.28640848,0.6777777777777778,0.45813742065429686
1038,0.7009608,0.446116,0.6784313725490196,0.45828350830078124
1039,0.63677603,0.7204899,0.6790849673202615,0.4583240356445312
1040,0.6018364,0.30301878,0.6797385620915033,0.4585751647949219
1041,0.54446334,0.49974495,0.6803921568627451,0.45904495239257814
1042,0.6301607,0.7761638,0.681045751633987,0.46049249267578124
1043,0.86545074,0.35209605,0.6816993464052288,0.4606096496582031
1044,0.73536044,0.6912398,0.6823529411764706,0.4606319580078125
1045,0.46789774,0.93422776,0.6830065359477124,0.46090350341796876
1046,0.7209964,0.43518832,0.6836601307189543,0.4613543701171875
1047,0.77144605,0.7244217,0.6843137254901961,0.4619495544433594
1048,0.586623,0.21758133,0.6849673202614379,0.46218032836914064
1049,0.6852723,0.8493249,0.6856209150326797,0.46219134521484373
1050,0.6348277,0.9272863,0.6862745098039216,0.46300390625
1051,0.7834319,0.57187694,0.6869281045751634,0.46382666015625
1052,0.65618896,0.82922286,0.6875816993464052,0.4644066467285156
1053,0.5434966,0.3807403,0.6882352941176471,0.46566033935546874
1054,0.61214125,0.91871035,0.6888888888888889,0.46571490478515626
1055,0.7759471,0.6488901,0.6895424836601307,0.46723825073242187
1056,0.6946531,0.69982743,0.6901960784313725,0.4672654113769531
1057,0.47496024,0.17314745,0.6908496732026144,0.4675118713378906
1058,0.5441932,0.6811628,0.6915032679738562,0.4683388366699219
1059,0.71870655,0.41022262,0.692156862745098,0.468398193359375
1060,0.74614966,0.5537432,0.6928104575163399,0.46895944213867186
1061,0.6487352,0.39048314,0.6934640522875817,0.47002664184570314
1062,0.7055032,0.72314125,0.6941176470588235,0.4706974792480469
1063,0.49652788,0.20548832,0.6947712418300653,0.47115472412109377
1064,0.65890104,0.8669339,0.6954248366013072,0.47147048950195314
1065,0.6943227,0.52637553,0.696078431372549,0.4718610229492187
1066,0.9466117,0.2675277,0.6967320261437908,0.472017578125
1067,0.8527472,0.33989254,0.6973856209150326,0.47212484741210936
1068,0.7706848,0.64763546,0.6980392156862745,0.47243734741210935
1069,0.777661,0.6986317,0.6986928104575163,0.4726656494140625
1070,0.59379244,0.35307136,0.6993464052287581,0.47431207275390624
1071,0.74914706,0.50756013,0.7,0.47439385986328125
1072,0.60929537,0.48658738,0.7006535947712418,0.4747729187011719
1073,0.47594374,0.9336031,0.7013071895424836,0.4751197204589844
1074,0.7911941,0.110136606,0.7019607843137254,0.4759335021972656
1075,0.69595796,0.2574258,0.7026143790849673,0.47603616333007814
1076,0.5782754,0.67221,0.7032679738562092,0.47628125
1077,0.64712733,0.4694629,0.703921568627451,0.4767838745117188
1078,0.6899271,0.4240391,0.7045751633986929,0.4768103332519531
1079,0.7686857,0.19982412,0.7052287581699347,0.47763299560546874
1080,0.67436266,0.22345378,0.7058823529411765,0.47777740478515623
1081,0.70843977,0.60640454,0.7065359477124183,0.47962347412109374
1082,0.77934724,0.535048,0.7071895424836602,0.479961181640625
1083,0.6637295,0.6507973,0.707843137254902,0.47996490478515624
1084,0.94228405,0.25250953,0.7084967320261438,0.48001202392578124
1085,0.5289265,0.5489759,0.7091503267973857,0.4800799560546875
1086,0.60404223,0.7633124,0.7098039215686275,0.4815599365234375
1087,0.7947391,0.64328873,0.7104575163398693,0.4822401428222656
1088,0.4045466,0.64459145,0.7111111111111111,0.48258041381835937
1089,0.61161417,0.54552174,0.711764705882353,0.48301776123046875
1090,0.7861762,0.23164143,0.7124183006535948,0.48304949951171877
1091,0.80858135,0.5019381,0.7130718954248366,0.48364044189453126
1092,0.62118113,0.6953197,0.7137254901960784,0.4839857177734375
1093,0.65889823,0.48187727,0.7143790849673203,0.4842413024902344
1094,0.813315,0.6334365,0.7150326797385621,0.48426425170898435
1095,0.69624245,0.5195245,0.7156862745098039,0.485074951171875
1096,0.8275208,0.20086668,0.7163398692810458,0.48539105224609375
1097,0.7764055,0.31452307,0.7169934640522876,0.48615316772460937
1098,0.7937647,0.60644174,0.7176470588235294,0.48690594482421873
1099,0.6030552,0.52548355,0.7183006535947712,0.4869647827148437
1100,0.606876,0.32199287,0.7189542483660131,0.48749203491210935
1101,0.61367375,0.5205783,0.7196078431372549,0.48888250732421873
1102,0.63714147,0.44992206,0.7202614379084967,0.4897341003417969
1103,0.57223535,0.6077801,0.7209150326797386,0.4899075927734375
1104,0.5738087,0.8164599,0.7215686274509804,0.49038250732421873
1105,0.6577188,0.6916342,0.7222222222222222,0.49058538818359376
1106,0.4009581,0.6336433,0.722875816993464,0.4908836669921875
1107,0.7763916,0.14810455,0.7235294117647059,0.49135250854492185
1108,0.78014404,0.14395586,0.7241830065359477,0.49144952392578123
1109,0.6405026,0.9211815,0.7248366013071895,0.4922944641113281
1110,0.43737704,0.54644483,0.7254901960784313,0.49233319091796873
1111,0.7554031,0.6195565,0.7261437908496732,0.49309988403320315
1112,0.50864017,0.27984732,0.726797385620915,0.4933304748535156
1113,0.80519646,0.11287544,0.7274509803921568,0.49358612060546875
1114,0.7816799,0.8046069,0.7281045751633987,0.49370126342773435
1115,0.8425427,0.6765735,0.7287581699346405,0.4941170349121094
1116,0.58022,0.25181258,0.7294117647058823,0.49420742797851563
1117,0.77966523,0.8244696,0.7300653594771241,0.49445281982421874
1118,0.85748655,0.3703676,0.730718954248366,0.4952007141113281
1119,0.6626192,0.700987,0.7313725490196078,0.4952095947265625
1120,0.5231836,0.42323405,0.7320261437908496,0.49550643920898435
1121,0.6994522,0.23523057,0.7326797385620915,0.496087158203125
1122,0.6986544,0.48348397,0.7333333333333333,0.49639215087890626
1123,0.6276231,0.2575065,0.7339869281045751,0.4964262390136719
1124,0.44985268,0.60257214,0.734640522875817,0.49652569580078126
1125,0.9807139,0.3838189,0.7352941176470589,0.4971534423828125
1126,0.7392897,0.28537405,0.7359477124183007,0.497582275390625
1127,0.7485323,0.83025706,0.7366013071895425,0.49857000732421874
1128,0.9369158,0.30286774,0.7372549019607844,0.4992513732910156
1129,0.78401166,0.6089649,0.7379084967320262,0.5006962585449218
1130,0.6128451,0.5357588,0.738562091503268,0.500841552734375
1131,0.75727785,0.8216762,0.7392156862745098,0.5022003479003906
1132,0.70265585,0.7287549,0.7398692810457517,0.5023603820800782
1133,0.559304,0.7088648,0.7405228758169935,0.502557373046875
1134,0.75560117,0.22792773,0.7411764705882353,0.5025850524902343
1135,0.75560117,0.22792773,0.7418300653594772,0.5025850524902343
1136,0.55812,0.81277,0.742483660130719,0.5028553466796875
1137,0.6136604,0.3101237,0.7431372549019608,0.5030319213867187
1138,0.7528656,0.21696895,0.7437908496732026,0.5031507568359375
1139,0.6386525,0.69155633,0.7444444444444445,0.5034733276367187
1140,1.0,0.389968,0.7450980392156863,0.5037561645507812
1141,0.73061156,0.73220545,0.7457516339869281,0.5047257995605469
1142,0.5650516,0.81119853,0.74640522875817,0.5051061096191406
1143,0.8352801,0.5854247,0.7470588235294118,0.5051214294433594
1144,0.6946094,0.31639758,0.7477124183006536,0.5054111633300781
1145,0.68814063,0.22020426,0.7483660130718954,0.5054645690917968
1146,0.60558164,0.2981428,0.7490196078431373,0.505608154296875
1147,0.6007949,0.3212308,0.7496732026143791,0.5059490661621093
1148,0.8112525,0.20633952,0.7503267973856209,0.5060401611328125
1149,0.79026395,0.4096451,0.7509803921568627,0.5068916625976563
1150,0.7893376,0.15854481,0.7516339869281046,0.5077579650878906
1151,0.7651217,0.6076238,0.7522875816993464,0.5088302307128906
1152,0.71493816,0.4213476,0.7529411764705882,0.5088501586914063
1153,0.6039166,0.6262592,0.75359477124183,0.5089093017578125
1154,0.7225652,0.81534237,0.7542483660130719,0.5089700927734375
1155,0.56919426,0.48872805,0.7549019607843137,0.5092178955078125
1156,0.43358123,0.8725444,0.7555555555555555,0.5097072143554687
1157,0.82314426,0.307446,0.7562091503267974,0.5101184387207032
1158,0.42969912,0.8775541,0.7568627450980392,0.5102432556152344
1159,0.29980958,0.17618695,0.757516339869281,0.5104578247070313
1160,0.7737917,0.81493366,0.7581699346405228,0.5107706298828125
1161,0.80296296,0.122002564,0.7588235294117647,0.5109233093261719
1162,0.64052707,0.9423757,0.7594771241830065,0.511070556640625
1163,0.62855476,0.42415884,0.7601307189542483,0.5122036743164062
1164,0.7592947,0.1576374,0.7607843137254902,0.5125902709960938
1165,0.6644549,0.44846296,0.761437908496732,0.5125938720703125
1166,0.8977065,0.58116084,0.7620915032679738,0.513567138671875
1167,0.9648729,0.33297032,0.7627450980392156,0.514334228515625
1168,0.7806518,0.16420858,0.7633986928104575,0.5152886352539062
1169,0.75928557,0.8053109,0.7640522875816993,0.51604345703125
1170,0.87411773,0.4020824,0.7647058823529411,0.51626806640625
1171,0.7048639,0.45907345,0.765359477124183,0.5166727905273437
1172,0.8692725,0.565021,0.7660130718954249,0.5169453735351562
1173,0.6830264,0.69384116,0.7666666666666667,0.51721337890625
1174,0.77339894,0.2770496,0.7673202614379085,0.5174083862304687
1175,0.6416942,0.6818866,0.7679738562091504,0.5178890991210937
1176,0.33705458,0.10641567,0.7686274509803922,0.5181510009765625
1177,0.7294382,0.5432673,0.769281045751634,0.5188886108398437
1178,0.7569693,0.6329559,0.7699346405228759,0.5190919799804687
1179,0.33910638,0.111178644,0.7705882352941177,0.5198355102539063
1180,0.7759017,0.2892377,0.7712418300653595,0.520497802734375
1181,0.7825086,0.28412017,0.7718954248366013,0.5205933227539062
1182,0.68568295,0.5153257,0.7725490196078432,0.521470458984375
1183,0.81350183,0.45938084,0.773202614379085,0.5225097045898438
1184,0.7103795,0.7231495,0.7738562091503268,0.5229490356445312
1185,0.73074675,0.79414195,0.7745098039215687,0.5236815185546875
1186,0.6358548,0.7731201,0.7751633986928105,0.5241285400390625
1187,0.7425553,0.5581293,0.7758169934640523,0.525203125
1188,0.7383269,0.7031195,0.7764705882352941,0.525687744140625
1189,0.6549244,0.45941538,0.777124183006536,0.5259567260742187
1190,0.48018858,0.9703842,0.7777777777777778,0.5270344848632813
1191,0.6773688,0.22717363,0.7784313725490196,0.5282767944335938
1192,0.6595829,0.4587828,0.7790849673202614,0.5292537841796875
1193,0.5321787,0.8469009,0.7797385620915033,0.5297973022460938
1194,0.8324339,0.2454383,0.7803921568627451,0.5298012084960938
1195,0.8821293,0.5652833,0.7810457516339869,0.5298153686523438
1196,0.47233573,0.17969497,0.7816993464052288,0.5298645629882812
1197,0.7569289,0.16763984,0.7823529411764706,0.530109619140625
1198,0.7811796,0.8648664,0.7830065359477124,0.5304735107421875
1199,0.7836779,0.59427184,0.7836601307189542,0.53095458984375
1200,0.5210597,0.8030092,0.7843137254901961,0.531645263671875
1201,0.71735007,0.1948388,0.7849673202614379,0.5320606689453125
1202,0.61419946,0.33735132,0.7856209150326797,0.5321051025390625
1203,0.6801188,0.30816603,0.7862745098039216,0.534293701171875
1204,0.6010765,0.21592283,0.7869281045751634,0.5344310302734375
1205,0.8722102,0.53587395,0.7875816993464052,0.5347496948242187
1206,0.84946096,0.6648781,0.788235294117647,0.5351483154296875
1207,0.74441206,0.4605415,0.7888888888888889,0.5359735107421875
1208,0.84882313,0.67222106,0.7895424836601307,0.5363639526367188
1209,0.6769904,0.8604426,0.7901960784313725,0.5364002075195312
1210,0.68945724,0.46873093,0.7908496732026143,0.5364180297851563
1211,0.7110979,0.21256106,0.7915032679738562,0.5366222534179688
1212,0.9511378,0.33625215,0.792156862745098,0.5370703735351563
1213,0.5603634,0.8609634,0.7928104575163398,0.5371657104492188
1214,0.68412226,0.2830332,0.7934640522875817,0.5379072265625
1215,0.8194615,0.5380052,0.7941176470588235,0.5382823486328125
1216,0.9069961,0.35692737,0.7947712418300653,0.5383328247070313
1217,0.59882164,0.61326027,0.7954248366013071,0.5391306762695313
1218,0.7175961,0.4151296,0.796078431372549,0.539552001953125
1219,0.61491954,0.7537738,0.7967320261437908,0.5414700317382812
1220,0.5771872,0.19895184,0.7973856209150327,0.541870849609375
1221,0.6458831,0.6815498,0.7980392156862746,0.54187939453125
1222,0.81106997,0.37358326,0.7986928104575164,0.542618408203125
1223,0.42295688,0.7207192,0.7993464052287582,0.5434749145507812
1224,0.8118587,0.5002506,0.8,0.5438890380859375
1225,0.9057078,0.6003947,0.8006535947712419,0.544001708984375
1226,0.5881716,0.8397621,0.8013071895424837,0.5443065185546875
1227,0.7919678,0.17570204,0.8019607843137255,0.544350830078125
1228,0.8513689,0.61994123,0.8026143790849674,0.5446783447265625
1229,0.852558,0.4614581,0.8032679738562092,0.5448977661132812
1230,0.6459657,0.42138752,0.803921568627451,0.5451614990234375
1231,0.9754194,0.31865183,0.8045751633986928,0.5463814697265625
1232,0.9529167,0.4740663,0.8052287581699347,0.546904052734375
1233,0.8202431,0.33294493,0.8058823529411765,0.5471362915039063
1234,0.884898,0.60934615,0.8065359477124183,0.5474769287109374
1235,0.9719481,0.38724208,0.8071895424836601,0.5487059326171875
1236,0.50856966,0.7807928,0.807843137254902,0.5488197631835937
1237,0.9401971,0.3063721,0.8084967320261438,0.5489535522460938
1238,0.78018665,0.8444622,0.8091503267973856,0.5501241455078125
1239,0.6255864,0.7414793,0.8098039215686275,0.5505557861328125
1240,0.8117918,0.47271937,0.8104575163398693,0.5515765380859375
1241,0.93412673,0.38358828,0.8111111111111111,0.5520809326171875
1242,0.50604945,0.8902818,0.8117647058823529,0.552776123046875
1243,0.75868315,0.50327444,0.8124183006535948,0.5528494262695313
1244,0.78375846,0.18446566,0.8130718954248366,0.5528895263671875
1245,0.7364905,0.50782555,0.8137254901960784,0.5532106323242187
1246,0.69195557,0.80294454,0.8143790849673203,0.55356005859375
1247,0.69071764,0.5730472,0.8150326797385621,0.554373291015625
1248,0.8120631,0.38394153,0.8156862745098039,0.5545166015625
1249,0.6071461,0.6275298,0.8163398692810457,0.5571466674804687
1250,0.7039132,0.28009838,0.8169934640522876,0.5573545532226563
1251,0.44424728,0.19505635,0.8176470588235294,0.5577596435546875
1252,0.82676625,0.59734094,0.8183006535947712,0.5583491821289063
1253,0.6932106,0.44858345,0.818954248366013,0.5584876708984375
1254,0.8658724,0.20726526,0.8196078431372549,0.5597500610351562
1255,0.63760567,0.38694742,0.8202614379084967,0.5598794555664063
1256,0.92655,0.33853894,0.8209150326797385,0.5604422607421875
1257,0.7389206,0.57079095,0.8215686274509804,0.5605479125976562
1258,0.80674434,0.13339496,0.8222222222222222,0.5618090209960938
1259,0.4870751,0.96953994,0.822875816993464,0.5618106079101562
1260,0.51465863,0.30204538,0.8235294117647058,0.56220849609375
1261,0.92856604,0.325536,0.8241830065359477,0.562565673828125
1262,0.8307469,0.27055794,0.8248366013071895,0.563878662109375
1263,0.6936312,0.68365115,0.8254901960784313,0.5642633666992187
1264,0.7710625,0.30472553,0.8261437908496732,0.5645270385742187
1265,0.8256295,0.5417099,0.826797385620915,0.5656179809570312
1266,0.6666025,0.22388148,0.8274509803921568,0.5656607666015625
1267,0.6679016,0.43547434,0.8281045751633986,0.56647802734375
1268,0.7155877,0.63220197,0.8287581699346406,0.56655615234375
1269,0.7989196,0.20309629,0.8294117647058824,0.5670292358398438
1270,0.9615323,0.3344068,0.8300653594771242,0.5676342163085938
1271,0.89793444,0.3774229,0.8307189542483661,0.568184326171875
1272,0.8829948,0.658339,0.8313725490196079,0.5683037109375
1273,0.9668117,0.4868283,0.8320261437908497,0.568620849609375
1274,0.6005051,0.20887583,0.8326797385620915,0.5698231811523438
1275,0.7888192,0.26323745,0.8333333333333334,0.5700969848632812
1276,0.650888,0.42385718,0.8339869281045752,0.5714034423828125
1277,0.6867865,0.6322259,0.834640522875817,0.5718490600585937
1278,0.64767784,0.83316505,0.8352941176470589,0.5720263671875
1279,0.6280648,0.3787817,0.8359477124183007,0.5720743408203125
1280,0.8531825,0.28674126,0.8366013071895425,0.5729634399414063
1281,0.85326904,0.66819435,0.8372549019607843,0.573873046875
1282,0.7244688,0.57658017,0.8379084967320262,0.57407568359375
1283,0.98113555,0.3645231,0.838562091503268,0.5744820556640625
1284,0.57747567,0.6055634,0.8392156862745098,0.5746143188476562
1285,0.94658685,0.3507733,0.8398692810457516,0.574799560546875
1286,0.73351187,0.6847573,0.8405228758169935,0.575118896484375
1287,0.63148713,0.35333863,0.8411764705882353,0.5754319458007813
1288,0.8548089,0.24819337,0.8418300653594771,0.57566796875
1289,0.86867774,0.45525318,0.842483660130719,0.5762277221679688
1290,0.9864323,0.39661932,0.8431372549019608,0.5769661865234375
1291,0.8111096,0.18789855,0.8437908496732026,0.5771994018554687
1292,0.69136924,0.2677246,0.8444444444444444,0.5774452514648437
1293,0.73728776,0.47701338,0.8450980392156863,0.5777158813476563
1294,0.80364925,0.38154495,0.8457516339869281,0.5778522338867188
1295,0.7996332,0.25124508,0.8464052287581699,0.5779202880859375
1296,0.7996332,0.25124508,0.8470588235294118,0.5779202880859375
1297,0.76177585,0.50612557,0.8477124183006536,0.5785140991210938
1298,0.981367,0.3106878,0.8483660130718954,0.578658935546875
1299,0.8876264,0.42834282,0.8490196078431372,0.5787492065429688
1300,0.7665435,0.84001225,0.8496732026143791,0.5791600341796875
1301,0.8801408,0.23926085,0.8503267973856209,0.579294677734375
1302,0.87027895,0.6380486,0.8509803921568627,0.5798028564453125
1303,0.7655947,0.24170978,0.8516339869281045,0.5801682739257813
1304,0.90487516,0.20848672,0.8522875816993464,0.5816871948242187
1305,0.888279,0.60454375,0.8529411764705882,0.5817304077148437
1306,0.7655712,0.22801761,0.85359477124183,0.5819515380859375
1307,0.80064666,0.23338471,0.8542483660130719,0.5829893188476563
1308,0.63115203,0.41670284,0.8549019607843137,0.5839075927734375
1309,0.5116053,0.43610898,0.8555555555555555,0.5840474243164062
1310,0.7267918,0.4741653,0.8562091503267973,0.5845142211914063
1311,0.9292379,0.3127498,0.8568627450980392,0.5847111206054687
1312,0.8870893,0.32614505,0.857516339869281,0.5856031494140626
1313,0.59086466,0.60890764,0.8581699346405228,0.5860105590820313
1314,0.72494066,0.4881096,0.8588235294117647,0.5860343017578125
1315,0.92130655,0.32030582,0.8594771241830066,0.5867023315429688
1316,0.88793886,0.27100614,0.8601307189542484,0.58707958984375
1317,0.87932295,0.47284314,0.8607843137254902,0.5871228637695313
1318,0.8509473,0.2638736,0.8614379084967321,0.5871689453125
1319,0.63316154,0.413883,0.8620915032679739,0.5872616577148437
1320,0.9465584,0.308795,0.8627450980392157,0.5878008422851563
1321,0.5768882,0.7113851,0.8633986928104576,0.5880170288085937
1322,0.7916417,0.28043413,0.8640522875816994,0.5880248413085938
1323,0.95862645,0.4362363,0.8647058823529412,0.5887845458984375
1324,0.5795359,0.69311684,0.865359477124183,0.5893262939453126
1325,0.8744634,0.2694041,0.8660130718954249,0.5905777587890625
1326,0.8787908,0.42316866,0.8666666666666667,0.5908861083984375
1327,0.862468,0.6223213,0.8673202614379085,0.592613037109375
1328,0.8438094,0.21012309,0.8679738562091504,0.5938977661132813
1329,0.786167,0.8195528,0.8686274509803922,0.5939278564453125
1330,0.8378018,0.64964145,0.869281045751634,0.5942794799804687
1331,0.882687,0.44601172,0.8699346405228758,0.5943374633789062
1332,0.68248117,0.23209131,0.8705882352941177,0.5946621704101562
1333,0.8873213,0.23921709,0.8712418300653595,0.5951671142578125
1334,0.8119031,0.29354492,0.8718954248366013,0.5958203735351563
1335,0.9506592,0.46950322,0.8725490196078431,0.5962988891601563
1336,0.7052927,0.7080425,0.873202614379085,0.5974445190429688
1337,0.9166585,0.2897371,0.8738562091503268,0.5984727783203125
1338,0.8336082,0.41885474,0.8745098039215686,0.5987360229492188
1339,0.81521904,0.21877383,0.8751633986928105,0.5992330322265625
1340,0.6904989,0.61766404,0.8758169934640523,0.6002224731445313
1341,0.9773421,0.34262773,0.8764705882352941,0.6002244873046875
1342,0.56059396,0.86475736,0.8771241830065359,0.60174609375
1343,0.79971075,0.37889495,0.8777777777777778,0.6021835327148437
1344,0.8324848,0.35135788,0.8784313725490196,0.6023583374023438
1345,0.6998217,0.2760336,0.8790849673202614,0.60293017578125
1346,0.98470694,0.38383478,0.8797385620915033,0.6031748046875
1347,0.80041873,0.18453816,0.8803921568627451,0.603822998046875
1348,0.84356827,0.3239463,0.8810457516339869,0.604023193359375
1349,0.64889467,0.6953465,0.8816993464052287,0.6042163696289062
1350,0.8397633,0.1641613,0.8823529411764706,0.60423388671875
1351,0.5762354,0.57744944,0.8830065359477124,0.605156494140625
1352,0.9910894,0.39832333,0.8836601307189542,0.6053367309570312
1353,0.90801424,0.24888715,0.884313725490196,0.6055979614257813
1354,0.826266,0.2655398,0.8849673202614379,0.6059518432617188
1355,0.86041707,0.14528105,0.8856209150326797,0.60630322265625
1356,0.5499154,0.87437594,0.8862745098039215,0.60649560546875
1357,0.7541795,0.44677016,0.8869281045751634,0.60651416015625
1358,0.89168966,0.63638633,0.8875816993464052,0.6076196899414062
1359,0.9792192,0.41942453,0.888235294117647,0.6076636962890625
1360,0.79265606,0.6584474,0.8888888888888888,0.6090700073242188
1361,0.79691523,0.3304445,0.8895424836601307,0.6099720458984375
1362,0.6943549,0.69552296,0.8901960784313725,0.6106033325195312
1363,0.85852146,0.5687081,0.8908496732026144,0.610965087890625
1364,0.9004746,0.5814353,0.8915032679738563,0.612355224609375
1365,0.9213301,0.41858026,0.8921568627450981,0.6129930419921875
1366,0.62336826,0.82010204,0.8928104575163399,0.6130413208007812
1367,0.84475136,0.48740682,0.8934640522875817,0.6145159301757812
1368,0.5921111,0.6204729,0.8941176470588236,0.6146383056640625
1369,0.9146898,0.25808474,0.8947712418300654,0.6147255859375
1370,0.8930386,0.42713487,0.8954248366013072,0.6156549072265625
1371,0.9614089,0.398082,0.8960784313725491,0.6159907836914063
1372,0.88185036,0.37368494,0.8967320261437909,0.6170194702148437
1373,0.905421,0.42863098,0.8973856209150327,0.6176898193359375
1374,0.7988408,0.14994663,0.8980392156862745,0.6181326904296875
1375,0.85176027,0.3749312,0.8986928104575164,0.6194691162109375
1376,0.8968058,0.638161,0.8993464052287582,0.6195455322265625
1377,0.9094724,0.3255479,0.9,0.6195686645507813
1378,0.8378619,0.32808918,0.9006535947712418,0.61997216796875
1379,0.71497566,0.5230267,0.9013071895424837,0.6211756591796875
1380,0.89228857,0.29543045,0.9019607843137255,0.6215792236328125
1381,0.8755641,0.27473176,0.9026143790849673,0.6217069702148438
1382,0.85835856,0.532584,0.9032679738562092,0.6231587524414063
1383,0.62458354,0.2974609,0.903921568627451,0.6233134765625
1384,0.96837044,0.36889175,0.9045751633986928,0.6239825439453125
1385,0.93445426,0.3789019,0.9052287581699346,0.6242158813476563
1386,0.89881074,0.22517312,0.9058823529411765,0.6248988647460938
1387,0.9134619,0.4631457,0.9065359477124183,0.6255108642578125
1388,0.88790065,0.41330406,0.9071895424836601,0.6258673706054687
1389,0.7404076,0.29469496,0.907843137254902,0.6283305053710937
1390,0.8307612,0.45858708,0.9084967320261438,0.6285488891601563
1391,0.8633944,0.2837944,0.9091503267973856,0.628787353515625
1392,0.86492723,0.26054785,0.9098039215686274,0.6292875366210937
1393,0.88901895,0.34665188,0.9104575163398693,0.6298342895507812
1394,0.9258731,0.35343313,0.9111111111111111,0.630353271484375
1395,0.8351957,0.23774289,0.9117647058823529,0.6308680419921875
1396,0.8046355,0.2286134,0.9124183006535947,0.6318138427734376
1397,0.91222197,0.411509,0.9130718954248366,0.6334462280273437
1398,0.804307,0.29103976,0.9137254901960784,0.6337428588867188
1399,0.7470277,0.43807903,0.9143790849673202,0.6346160888671875
1400,0.8006339,0.29531297,0.9150326797385621,0.635852294921875
1401,0.8165481,0.2359788,0.9156862745098039,0.6371865844726563
1402,0.9586042,0.30534625,0.9163398692810457,0.63789599609375
1403,0.63512635,0.36844632,0.9169934640522875,0.6382323608398438
1404,0.8630226,0.24011017,0.9176470588235294,0.6386157836914063
1405,0.8487577,0.19214346,0.9183006535947712,0.6390523071289063
1406,0.69656515,0.5561803,0.918954248366013,0.6399262084960937
1407,0.57631314,0.4281882,0.9196078431372549,0.6407846069335937
1408,0.7515693,0.49400383,0.9202614379084967,0.6413527221679688
1409,0.90336615,0.4455589,0.9209150326797385,0.6414922485351563
1410,0.747257,0.47725734,0.9215686274509803,0.6415947265625
1411,0.73155075,0.8459521,0.9222222222222223,0.6416888427734375
1412,0.89583856,0.323718,0.9228758169934641,0.64207275390625
1413,0.9627436,0.28598467,0.9235294117647059,0.6424686279296875
1414,0.8976353,0.3232453,0.9241830065359478,0.642630615234375
1415,0.88690245,0.29715005,0.9248366013071896,0.6454490966796875
1416,0.76918733,0.17158756,0.9254901960784314,0.645830322265625
1417,0.899883,0.39633352,0.9261437908496732,0.6463262329101562
1418,0.80113435,0.26574275,0.9267973856209151,0.6465006103515625
1419,0.9086482,0.47019663,0.9274509803921569,0.6466480102539063
1420,0.96967614,0.31483763,0.9281045751633987,0.6470687866210938
1421,0.82376015,0.22073653,0.9287581699346406,0.647281982421875
1422,0.8500568,0.3520791,0.9294117647058824,0.6478580322265625
1423,0.8508754,0.6094435,0.9300653594771242,0.6480278930664063
1424,0.8134145,0.28286427,0.930718954248366,0.6486080932617188
1425,0.80370176,0.31562868,0.9313725490196079,0.6491560668945312
1426,0.82243073,0.46582678,0.9320261437908497,0.6495878295898437
1427,0.9529112,0.40464243,0.9326797385620915,0.6500265502929687
1428,0.757789,0.45919275,0.9333333333333333,0.6500271606445313
1429,0.9582759,0.373587,0.9339869281045752,0.6509132690429688
1430,0.86828935,0.62445045,0.934640522875817,0.6512609252929688
1431,0.8897307,0.3217651,0.9352941176470588,0.651551513671875
1432,0.7214537,0.5039768,0.9359477124183007,0.6516484985351563
1433,0.8164377,0.25602445,0.9366013071895425,0.6524911499023438
1434,0.96590203,0.38605258,0.9372549019607843,0.6533477783203125
1435,0.77538824,0.18196231,0.9379084967320261,0.6548095092773437
1436,0.8590327,0.40790492,0.938562091503268,0.655264892578125
1437,0.67011875,0.4379061,0.9392156862745098,0.6578989868164062
1438,0.63680595,0.78658676,0.9398692810457516,0.6583496704101562
1439,0.8518432,0.14325748,0.9405228758169935,0.6591771850585938
1440,0.72698945,0.5711036,0.9411764705882353,0.6607152709960937
1441,0.8199399,0.19730474,0.9418300653594771,0.66071923828125
1442,0.92368317,0.43981636,0.9424836601307189,0.6608610229492188
1443,0.88291436,0.49094486,0.9431372549019608,0.6610995483398437
1444,0.8755768,0.20116544,0.9437908496732026,0.6614594116210938
1445,0.88043606,0.19234915,0.9444444444444444,0.661513427734375
1446,0.9572324,0.38094407,0.9450980392156862,0.6630407104492188
1447,0.93494827,0.42250258,0.9457516339869281,0.6631388549804688
1448,0.86785114,0.5214063,0.9464052287581699,0.6632636108398438
1449,0.89670783,0.41723645,0.9470588235294117,0.6639817504882812
1450,0.7986038,0.39311096,0.9477124183006536,0.6640269775390625
1451,0.6825247,0.27003977,0.9483660130718954,0.6641749877929688
1452,0.89888084,0.5336057,0.9490196078431372,0.66425439453125
1453,0.8756401,0.6029385,0.949673202614379,0.6650908203125
1454,0.86988115,0.2382374,0.9503267973856209,0.6662476196289062
1455,0.9590621,0.41445598,0.9509803921568627,0.6666228637695313
1456,0.5365254,0.88201714,0.9516339869281045,0.6676536865234375
1457,0.9082174,0.23084162,0.9522875816993464,0.66791162109375
1458,0.89195544,0.45302325,0.9529411764705882,0.669103515625
1459,0.891678,0.44008356,0.9535947712418301,0.6704989624023437
1460,0.8368016,0.446606,0.954248366013072,0.6713162231445312
1461,0.82395613,0.18449388,0.9549019607843138,0.6714619750976563
1462,0.8354811,0.4034357,0.9555555555555556,0.6721055908203125
1463,0.8627617,0.55549616,0.9562091503267974,0.6727965698242188
1464,0.860358,0.5423683,0.9568627450980393,0.6728067626953125
1465,0.9561882,0.2942435,0.9575163398692811,0.6740739135742188
1466,0.9372756,0.40934303,0.9581699346405229,0.6746160888671875
1467,0.87587225,0.6174299,0.9588235294117647,0.6748836669921875
1468,0.83692324,0.25218245,0.9594771241830066,0.6750462646484375
1469,0.91213876,0.44466588,0.9601307189542484,0.6754068603515625
1470,0.90852463,0.33753833,0.9607843137254902,0.6756160888671875
1471,0.9363098,0.23995084,0.961437908496732,0.676504150390625
1472,0.8543256,0.17654343,0.9620915032679739,0.6766795043945313
1473,0.8452337,0.42769516,0.9627450980392157,0.6766871337890625
1474,0.8687656,0.6074419,0.9633986928104575,0.677580322265625
1475,0.98851115,0.382919,0.9640522875816994,0.6776280517578125
1476,0.51320386,0.75099283,0.9647058823529412,0.6786018676757812
1477,0.9818387,0.327333,0.965359477124183,0.6796904296875
1478,0.88454825,0.4656404,0.9660130718954248,0.68004150390625
1479,0.8928751,0.15172112,0.9666666666666667,0.681090087890625
1480,0.91680473,0.42881674,0.9673202614379085,0.6818646850585938
1481,0.8606827,0.3205433,0.9679738562091503,0.6820433349609375
1482,0.8780487,0.24860775,0.9686274509803922,0.682194580078125
1483,0.8458498,0.22736023,0.969281045751634,0.68375830078125
1484,0.8460627,0.53513384,0.9699346405228758,0.6841207275390625
1485,0.88670075,0.47096893,0.9705882352941176,0.6853746948242188
1486,0.9384586,0.43965983,0.9712418300653595,0.6867968139648437
1487,0.7768853,0.5251648,0.9718954248366013,0.6868031005859375
1488,0.9169936,0.36112723,0.9725490196078431,0.6879884033203125
1489,0.7886345,0.14983915,0.973202614379085,0.6881781616210938
1490,0.94996154,0.43617302,0.9738562091503268,0.6882733764648438
1491,0.94922405,0.34378162,0.9745098039215686,0.6895435791015625
1492,0.69615763,0.53387713,0.9751633986928104,0.6896614379882813
1493,0.8989902,0.34955645,0.9758169934640523,0.6902415161132812
1494,0.8869575,0.62491316,0.9764705882352941,0.6906975708007812
1495,0.84042144,0.43605155,0.9771241830065359,0.6909797973632813
1496,0.6149451,0.7664462,0.9777777777777777,0.6921870727539062
1497,0.86141586,0.35573116,0.9784313725490196,0.6935885009765625
1498,0.8834982,0.41048583,0.9790849673202614,0.6939324951171875
1499,0.73509616,0.5271643,0.9797385620915032,0.6961054077148437
1500,0.8560734,0.49417523,0.9803921568627451,0.6963519897460938
1501,0.9030876,0.56139135,0.9810457516339869,0.6990725708007812
1502,0.98960924,0.36651424,0.9816993464052287,0.7008717651367188
1503,0.68812704,0.57590836,0.9823529411764705,0.7018394165039062
1504,0.8457761,0.23332037,0.9830065359477124,0.7037765502929687
1505,0.880439,0.14390692,0.9836601307189542,0.7043858642578125
1506,0.8924947,0.5694586,0.984313725490196,0.7058760375976563
1507,0.9087381,0.578519,0.984967320261438,0.7076473999023437
1508,0.91772884,0.37908313,0.9856209150326798,0.7079667358398437
1509,0.8802936,0.5956271,0.9862745098039216,0.7082300415039062
1510,0.90093046,0.4857974,0.9869281045751634,0.70967822265625
1511,0.9003925,0.47740513,0.9875816993464053,0.7102066040039062
1512,0.8879954,0.5245566,0.9882352941176471,0.712628662109375
1513,0.83181685,0.4322281,0.9888888888888889,0.7133895263671876
1514,0.7545158,0.84436935,0.9895424836601308,0.7188391723632812
1515,0.71890944,0.5002865,0.9901960784313726,0.723221923828125
1516,0.81042737,0.49191016,0.9908496732026144,0.7308196411132812
1517,0.8464052,0.6185488,0.9915032679738562,0.7309710083007812
1518,0.86041844,0.4144606,0.9921568627450981,0.7326640625
1519,0.86106426,0.21463177,0.9928104575163399,0.7348695068359375
1520,0.96485955,0.25345233,0.9934640522875817,0.7385994262695312
1521,0.9058652,0.21384771,0.9941176470588236,0.7393828735351563
1522,0.86113304,0.34027687,0.9947712418300654,0.7395912475585937
1523,0.85484034,0.2823774,0.9954248366013072,0.7404178466796875
1524,0.8278303,0.57319254,0.996078431372549,0.74057763671875
1525,0.89305276,0.4906133,0.9967320261437909,0.7501287841796875
1526,0.8189293,0.2474305,0.9973856209150327,0.7550354614257813
1527,0.8781323,0.38541874,0.9980392156862745,0.76466455078125
1528,0.7970246,0.6716242,0.9986928104575163,0.7688609008789062
1529,0.62301135,0.8585295,0.9993464052287582,0.7851488647460938
