,comp-1,comp-2,y
0,0.21032351,0.07530806,0.0
1,0.20499422,0.076426506,0.00065359477124183
2,0.06771501,0.65712255,0.00130718954248366
3,0.07294342,0.6596951,0.00196078431372549
4,0.18712261,0.13929766,0.00261437908496732
5,0.46190247,0.58791465,0.0032679738562091504
6,0.06742579,0.6688481,0.00392156862745098
7,0.06547394,0.6633499,0.004575163398692811
8,0.07393379,0.66583,0.00522875816993464
9,0.36581418,0.18421963,0.0058823529411764705
10,0.56335,0.95648164,0.006535947712418301
11,0.8964013,0.7440709,0.00718954248366013
12,0.46304718,0.5883475,0.00784313725490196
13,0.36209682,0.13320316,0.00849673202614379
14,0.16492486,0.72015774,0.009150326797385621
15,0.94297063,0.49095762,0.00980392156862745
16,0.10745365,0.8242044,0.01045751633986928
17,0.1696509,0.07463498,0.011111111111111112
18,0.28187567,0.08788161,0.011764705882352941
19,0.5784392,0.29313314,0.01241830065359477
20,0.8369669,0.5917692,0.013071895424836602
21,0.10904582,0.56431085,0.013725490196078431
22,0.83280456,0.57429075,0.01437908496732026
23,0.48621765,0.92285925,0.015032679738562092
24,0.14293128,0.6912308,0.01568627450980392
25,0.09206546,0.56258434,0.016339869281045753
26,0.48621637,0.92246306,0.01699346405228758
27,0.14703062,0.60888845,0.01764705882352941
28,0.37212962,0.13444585,0.018300653594771243
29,0.83996964,0.5834789,0.01895424836601307
30,0.40030313,0.6341064,0.0196078431372549
31,0.23849095,0.08228658,0.020261437908496733
32,0.13925478,0.6784015,0.02091503267973856
33,0.38602445,0.15532619,0.021568627450980392
34,0.88966036,0.73896116,0.022222222222222223
35,0.37801772,0.13761128,0.02287581699346405
36,0.106870264,0.7877618,0.023529411764705882
37,0.40136507,0.6416259,0.024183006535947713
38,0.40420583,0.6415191,0.02483660130718954
39,0.37454686,0.14641388,0.025490196078431372
40,0.11716687,0.60138494,0.026143790849673203
41,0.67329884,0.37191254,0.02679738562091503
42,0.38194504,0.1639046,0.027450980392156862
43,0.0398026,0.5468575,0.028104575163398694
44,0.5744514,0.9575987,0.02875816993464052
45,0.11560495,0.56096244,0.029411764705882353
46,0.18239532,0.07372274,0.030065359477124184
47,0.61425984,0.9000924,0.03071895424836601
48,0.08969556,0.5588792,0.03137254901960784
49,0.5604342,0.115208976,0.03202614379084967
50,0.39526868,0.12656872,0.032679738562091505
51,0.2830188,0.087924615,0.03333333333333333
52,0.8956551,0.736188,0.03398692810457516
53,0.36547628,0.12031361,0.034640522875816995
54,0.11136452,0.5668529,0.03529411764705882
55,0.36347792,0.18816741,0.03594771241830065
56,0.49960726,0.8207041,0.036601307189542485
57,0.36569884,0.14946079,0.03725490196078431
58,0.19943695,0.050193574,0.03790849673202614
59,0.34201148,0.7743328,0.038562091503267976
60,0.04295417,0.47896266,0.0392156862745098
61,0.3850191,0.10945633,0.03986928104575163
62,0.6892056,0.57445264,0.040522875816993466
63,0.37384078,0.16554642,0.041176470588235294
64,0.9219834,0.50622475,0.04183006535947712
65,0.1775873,0.074303105,0.042483660130718956
66,0.95103514,0.48871332,0.043137254901960784
67,0.22067596,0.06767224,0.04379084967320261
68,0.93369853,0.45552588,0.044444444444444446
69,0.34396785,0.14897938,0.045098039215686274
70,0.38372147,0.12406098,0.0457516339869281
71,0.9260234,0.50261956,0.046405228758169936
72,0.9494451,0.4781214,0.047058823529411764
73,0.20624611,0.06317531,0.04771241830065359
74,0.104202494,0.59440625,0.048366013071895426
75,0.23387982,0.059827343,0.049019607843137254
76,0.47792944,0.590475,0.04967320261437908
77,0.9001895,0.72937894,0.05032679738562092
78,0.20578977,0.05412345,0.050980392156862744
79,0.23108317,0.72464377,0.05163398692810457
80,0.039994724,0.47432834,0.05228758169934641
81,0.37473002,0.12183109,0.052941176470588235
82,0.3894795,0.105728775,0.05359477124183006
83,0.64764714,0.24814242,0.0542483660130719
84,0.41615552,0.64042115,0.054901960784313725
85,0.2126182,0.06358521,0.05555555555555555
86,0.03365163,0.5163224,0.05620915032679739
87,0.21514253,0.31311744,0.056862745098039215
88,0.8954568,0.72773486,0.05751633986928104
89,0.37755513,0.10734594,0.05816993464052288
90,0.87810004,0.7193795,0.058823529411764705
91,0.08233222,0.55152303,0.05947712418300653
92,0.50294334,0.8321502,0.06013071895424837
93,0.18339999,0.14925386,0.060784313725490195
94,0.88229555,0.7203912,0.06143790849673202
95,0.10906662,0.60055655,0.06209150326797386
96,0.56551415,0.85959476,0.06274509803921569
97,0.9918091,0.6026657,0.06339869281045751
98,0.54894465,0.6428548,0.06405228758169934
99,0.5968514,0.87047666,0.06470588235294118
100,0.51219326,0.83424306,0.06535947712418301
101,0.90553606,0.47231004,0.06601307189542484
102,0.89957047,0.723452,0.06666666666666667
103,0.23430003,0.34815517,0.0673202614379085
104,0.10925282,0.5896751,0.06797385620915032
105,0.33845165,0.1740792,0.06862745098039216
106,0.89203036,0.4489127,0.06928104575163399
107,0.2179269,0.060383786,0.06993464052287582
108,0.23678021,0.06757386,0.07058823529411765
109,0.09736971,0.6018972,0.07124183006535947
110,0.36155018,0.19451332,0.0718954248366013
111,0.41151258,0.41646588,0.07254901960784314
112,0.35105157,0.15164852,0.07320261437908497
113,0.57572377,0.8703179,0.0738562091503268
114,0.50577325,0.41675848,0.07450980392156863
115,0.24062,0.06940431,0.07516339869281045
116,0.36869702,0.10164159,0.07581699346405228
117,0.6005522,0.1538562,0.07647058823529412
118,0.94023365,0.46213484,0.07712418300653595
119,0.46453804,0.2036677,0.07777777777777778
120,0.36234757,0.10895633,0.0784313725490196
121,0.16241756,0.74160355,0.07908496732026143
122,0.29254746,0.17193,0.07973856209150326
123,0.95971197,0.48441947,0.0803921568627451
124,0.088026606,0.6177398,0.08104575163398693
125,0.79741913,0.5551901,0.08169934640522876
126,0.46043426,0.6242532,0.08235294117647059
127,0.60669804,0.60520434,0.08300653594771241
128,0.12649839,0.63889766,0.08366013071895424
129,0.56538814,0.9966182,0.08431372549019608
130,0.5822825,0.95846874,0.08496732026143791
131,0.25113782,0.22574303,0.08562091503267974
132,0.34915903,0.20274404,0.08627450980392157
133,0.84005255,0.5727297,0.0869281045751634
134,0.34417158,0.7282928,0.08758169934640522
135,0.32728666,0.11315852,0.08823529411764706
136,0.31616566,0.2798901,0.08888888888888889
137,0.05702471,0.7374188,0.08954248366013072
138,0.4123362,0.5230625,0.09019607843137255
139,0.32906467,0.15262832,0.09084967320261438
140,0.06161388,0.48279592,0.0915032679738562
141,0.89792126,0.465103,0.09215686274509804
142,0.05857958,0.74266034,0.09281045751633987
143,0.065309286,0.76659673,0.0934640522875817
144,0.06963191,0.7389196,0.09411764705882353
145,0.5359514,0.24218789,0.09477124183006536
146,0.8893392,0.471706,0.09542483660130718
147,0.34377122,0.06861428,0.09607843137254903
148,0.5957511,0.8668242,0.09673202614379085
149,0.36341435,0.0,0.09738562091503268
150,0.3602869,0.098681934,0.09803921568627451
151,0.62281996,0.90801984,0.09869281045751634
152,0.3361802,0.06309459,0.09934640522875816
153,0.62257516,0.20055021,0.1
154,0.08707474,0.80319566,0.10065359477124183
155,0.46980047,0.7383551,0.10130718954248366
156,0.34002984,0.074112244,0.10196078431372549
157,0.3410229,0.6281261,0.10261437908496732
158,0.3450003,0.4742167,0.10326797385620914
159,0.44546762,0.2254688,0.10392156862745099
160,0.09355114,0.80744416,0.10457516339869281
161,0.97206146,0.5697641,0.10522875816993464
162,0.97014874,0.51259685,0.10588235294117647
163,0.3758763,0.054915514,0.1065359477124183
164,0.8379252,0.38165066,0.10718954248366012
165,0.46887174,0.7130837,0.10784313725490197
166,0.3811249,0.5135592,0.1084967320261438
167,0.30482826,0.6479937,0.10915032679738562
168,0.96597666,0.573302,0.10980392156862745
169,0.5312208,0.8047905,0.11045751633986928
170,0.7244387,0.79382116,0.1111111111111111
171,0.14166735,0.45822817,0.11176470588235295
172,0.95605624,0.50668514,0.11241830065359477
173,0.31899202,0.066855974,0.1130718954248366
174,0.87418896,0.61535144,0.11372549019607843
175,0.28444958,0.16749045,0.11437908496732026
176,0.16825166,0.70120203,0.11503267973856209
177,0.93927205,0.4443547,0.11568627450980393
178,0.58234173,0.9206256,0.11633986928104575
179,0.9764541,0.55266404,0.11699346405228758
180,0.6413963,0.8179381,0.11764705882352941
181,0.8375373,0.3816782,0.11830065359477124
182,0.06615038,0.44127566,0.11895424836601307
183,0.34724957,0.09353734,0.11960784313725491
184,0.76308256,0.53124136,0.12026143790849673
185,0.66809595,0.76961684,0.12091503267973856
186,0.7766307,0.40156576,0.12156862745098039
187,0.4448028,0.2627796,0.12222222222222222
188,0.4811023,0.8197729,0.12287581699346405
189,0.6125248,0.6150002,0.12352941176470589
190,0.9144199,0.61706483,0.12418300653594772
191,0.93897974,0.46763307,0.12483660130718954
192,0.10731717,0.6955788,0.12549019607843137
193,0.6002551,0.14539291,0.1261437908496732
194,0.98000336,0.5176843,0.12679738562091503
195,0.98000336,0.5176843,0.12745098039215685
196,0.5311855,0.6274503,0.12810457516339868
197,0.5672047,0.42283237,0.1287581699346405
198,0.12630273,0.6637645,0.12941176470588237
199,0.96607935,0.5288647,0.1300653594771242
200,0.3212518,0.28398204,0.13071895424836602
201,0.22317272,0.50091517,0.13137254901960785
202,0.76268905,0.77644587,0.13202614379084968
203,0.45140088,0.67461014,0.1326797385620915
204,0.6513334,0.8050708,0.13333333333333333
205,0.9634458,0.5225226,0.13398692810457516
206,0.6459578,0.49813667,0.134640522875817
207,0.20191175,0.1822123,0.13529411764705881
208,0.99722964,0.6213446,0.13594771241830064
209,0.9719002,0.5191779,0.13660130718954247
210,0.3554649,0.003070402,0.13725490196078433
211,0.9850249,0.61093783,0.13790849673202615
212,0.39470837,0.3095074,0.13856209150326798
213,0.70051247,0.54938865,0.1392156862745098
214,0.7112793,0.8373993,0.13986928104575164
215,0.37747636,0.08081858,0.14052287581699346
216,0.13398197,0.4483796,0.1411764705882353
217,0.33377287,0.4181195,0.14183006535947712
218,0.24423064,0.41242296,0.14248366013071895
219,0.97940534,0.52753025,0.14313725490196078
220,0.69080424,0.74511963,0.1437908496732026
221,0.43242902,0.23808964,0.14444444444444443
222,0.21874526,0.46452355,0.1450980392156863
223,0.86129075,0.6600217,0.14575163398692811
224,0.96141624,0.64572304,0.14640522875816994
225,0.579722,0.71135443,0.14705882352941177
226,0.12643752,0.6582854,0.1477124183006536
227,0.71091515,0.7433937,0.14836601307189543
228,0.6955062,0.6670833,0.14901960784313725
229,0.7100157,0.72767305,0.14967320261437908
230,0.8015331,0.5516025,0.1503267973856209
231,0.18093914,0.39742455,0.15098039215686274
232,0.33112797,0.481506,0.15163398692810456
233,0.21278915,0.17708492,0.1522875816993464
234,0.319401,0.37580928,0.15294117647058825
235,0.74794865,0.6524982,0.15359477124183007
236,0.3286387,0.025435213,0.1542483660130719
237,0.9747401,0.5862264,0.15490196078431373
238,0.44472462,0.8262433,0.15555555555555556
239,0.6073512,0.17541622,0.15620915032679739
240,0.75626457,0.36962178,0.1568627450980392
241,0.56372875,0.8812517,0.15751633986928104
242,0.2536251,0.23223564,0.15816993464052287
243,0.6485213,0.771714,0.1588235294117647
244,0.37093925,0.060983837,0.15947712418300652
245,0.5343633,0.84006953,0.16013071895424835
246,0.21002403,0.18300812,0.1607843137254902
247,0.50029516,0.25056753,0.16143790849673204
248,0.31455633,0.68279505,0.16209150326797386
249,0.6604332,0.26943007,0.1627450980392157
250,0.64175904,0.83033705,0.16339869281045752
251,0.32920444,0.69193155,0.16405228758169935
252,1.0,0.63151425,0.16470588235294117
253,0.55222386,0.7371671,0.165359477124183
254,0.9369625,0.63935226,0.16601307189542483
255,0.25096443,0.53372043,0.16666666666666666
256,0.36158383,0.6712278,0.16732026143790849
257,0.41632652,0.26838416,0.16797385620915034
258,0.16052438,0.39759725,0.16862745098039217
259,0.31064853,0.28941408,0.169281045751634
260,0.75331503,0.57261336,0.16993464052287582
261,0.100152604,0.80973023,0.17058823529411765
262,0.8707102,0.6356929,0.17124183006535948
263,0.21338461,0.18712209,0.1718954248366013
264,0.6715131,0.8411267,0.17254901960784313
265,0.25136152,0.71214384,0.17320261437908496
266,0.75474775,0.56994903,0.1738562091503268
267,0.58624524,0.96706074,0.17450980392156862
268,0.7571757,0.54311496,0.17516339869281045
269,0.52811044,0.82332265,0.1758169934640523
270,0.52436024,0.81859094,0.17647058823529413
271,0.11443864,0.4500834,0.17712418300653596
272,0.572632,0.92405915,0.17777777777777778
273,0.6040168,0.9742266,0.1784313725490196
274,0.33531898,0.0226993,0.17908496732026144
275,0.48864624,0.7863859,0.17973856209150327
276,0.35789865,0.7020869,0.1803921568627451
277,0.620134,0.61968887,0.18104575163398692
278,0.6565392,0.27915168,0.18169934640522875
279,0.3952777,0.476425,0.18235294117647058
280,0.5951557,0.15376344,0.1830065359477124
281,0.42128754,0.7636315,0.18366013071895426
282,0.91682464,0.55169713,0.1843137254901961
283,0.33658946,0.7556638,0.18496732026143792
284,0.3795738,0.0499774,0.18562091503267975
285,0.6996004,0.8259308,0.18627450980392157
286,0.6346452,0.7038517,0.1869281045751634
287,0.7014345,0.55330086,0.18758169934640523
288,0.72040147,0.70804816,0.18823529411764706
289,0.88930595,0.7222433,0.18888888888888888
290,0.40727934,0.81113756,0.1895424836601307
291,0.26078323,0.21185853,0.19019607843137254
292,0.07248287,0.5119194,0.19084967320261437
293,0.33911595,0.6184187,0.19150326797385622
294,0.65136313,0.28184485,0.19215686274509805
295,0.54163456,0.13489267,0.19281045751633988
296,0.5819402,0.39979178,0.1934640522875817
297,0.7002993,0.4858205,0.19411764705882353
298,0.602592,0.16211051,0.19477124183006536
299,0.35123295,0.35157526,0.1954248366013072
300,0.066383906,0.4442953,0.19607843137254902
301,0.50973064,0.726717,0.19673202614379084
302,0.74846286,0.51795584,0.19738562091503267
303,0.45878497,0.85370624,0.1980392156862745
304,0.075898126,0.6738948,0.19869281045751633
305,0.35858145,0.021506552,0.19934640522875818
306,0.33279994,0.014941176,0.2
307,0.31407422,0.146746,0.20065359477124184
308,0.5707001,0.91725457,0.20130718954248367
309,0.35999715,0.34920892,0.2019607843137255
310,0.20557651,0.32977816,0.20261437908496732
311,0.32942083,0.31677386,0.20326797385620915
312,0.21571381,0.20056927,0.20392156862745098
313,0.28526902,0.30426362,0.2045751633986928
314,0.5685975,0.9437247,0.20522875816993463
315,0.541757,0.12590463,0.20588235294117646
316,0.5891388,0.17938657,0.2065359477124183
317,0.28756505,0.30240032,0.20718954248366014
318,0.4162667,0.8227969,0.20784313725490197
319,0.43259448,0.84485155,0.2084967320261438
320,0.04523382,0.5099467,0.20915032679738563
321,0.5656788,0.90437067,0.20980392156862746
322,0.30832246,0.69634837,0.21045751633986928
323,0.5779211,0.8017479,0.2111111111111111
324,0.48876065,0.21064831,0.21176470588235294
325,0.11947206,0.76540756,0.21241830065359477
326,0.48073876,0.67239434,0.2130718954248366
327,0.16347484,0.7915114,0.21372549019607842
328,0.44193718,0.68007356,0.21437908496732025
329,0.22999506,0.14070895,0.2150326797385621
330,0.88524127,0.6616551,0.21568627450980393
331,0.7484615,0.6921134,0.21633986928104576
332,0.64614093,0.6058647,0.2169934640522876
333,0.081432305,0.7492943,0.21764705882352942
334,0.2933616,0.29078037,0.21830065359477124
335,0.44640797,0.060121868,0.21895424836601307
336,0.19270933,0.36966032,0.2196078431372549
337,0.46568635,0.25226066,0.22026143790849673
338,0.29949188,0.30856034,0.22091503267973855
339,0.2659676,0.65055805,0.22156862745098038
340,0.22578883,0.14842705,0.2222222222222222
341,0.5828347,0.31741783,0.22287581699346407
342,0.11488604,0.65810704,0.2235294117647059
343,0.32338,0.020656286,0.22418300653594772
344,0.09118817,0.7490838,0.22483660130718955
345,0.21837756,0.18747322,0.22549019607843138
346,0.7131607,0.60090536,0.2261437908496732
347,0.6095937,0.15882058,0.22679738562091503
348,0.368806,0.72622347,0.22745098039215686
349,0.66108316,0.6901351,0.2281045751633987
350,0.11807736,0.66194046,0.22875816993464052
351,0.35910273,0.2922519,0.22941176470588234
352,0.1723383,0.3767347,0.23006535947712417
353,0.80561805,0.40235204,0.23071895424836603
354,0.69427216,0.6011553,0.23137254901960785
355,0.3303407,0.032508582,0.23202614379084968
356,0.6419039,0.7270739,0.2326797385620915
357,0.63331467,0.6131687,0.23333333333333334
358,0.72236156,0.82404625,0.23398692810457516
359,0.45321956,0.68667156,0.234640522875817
360,0.4155498,0.4028023,0.23529411764705882
361,0.88147163,0.63569325,0.23594771241830065
362,0.2036721,0.49441728,0.23660130718954248
363,0.86133397,0.6390535,0.2372549019607843
364,0.19313693,0.2422009,0.23790849673202613
365,0.30731735,0.72393465,0.238562091503268
366,0.17261973,0.36313716,0.23921568627450981
367,0.33957693,0.6869019,0.23986928104575164
368,0.68512577,0.7225541,0.24052287581699347
369,0.5563065,0.88794726,0.2411764705882353
370,0.30278,0.05131937,0.24183006535947713
371,0.45390207,0.2385227,0.24248366013071895
372,0.44065896,0.8570244,0.24313725490196078
373,0.7058392,0.79991895,0.2437908496732026
374,0.44621822,0.3490534,0.24444444444444444
375,0.5615856,0.12981457,0.24509803921568626
376,0.19680195,0.41403916,0.2457516339869281
377,0.3799393,0.6947903,0.24640522875816995
378,0.12252294,0.4596747,0.24705882352941178
379,0.23309213,0.19462354,0.2477124183006536
380,0.91606855,0.54386973,0.24836601307189543
381,0.18125755,0.2540842,0.24901960784313726
382,0.45064282,0.81694555,0.2496732026143791
383,0.6214045,0.7123835,0.2503267973856209
384,0.45039254,0.06623131,0.25098039215686274
385,0.12545656,0.7554184,0.25163398692810457
386,0.24355374,0.48328903,0.2522875816993464
387,0.32156044,0.029409278,0.2529411764705882
388,0.624074,0.510285,0.25359477124183005
389,0.4437229,0.06747433,0.2542483660130719
390,0.21625976,0.378439,0.2549019607843137
391,0.21625976,0.378439,0.25555555555555554
392,0.32193878,0.039568823,0.25620915032679736
393,0.3934404,0.3711373,0.2568627450980392
394,0.37760082,0.39055008,0.257516339869281
395,0.854633,0.5098626,0.2581699346405229
396,0.3117595,0.036258783,0.25882352941176473
397,0.1817245,0.25587797,0.25947712418300656
398,0.3030273,0.04629953,0.2601307189542484
399,0.48185572,0.35148907,0.2607843137254902
400,0.55104834,0.38820684,0.26143790849673204
401,0.7293327,0.51351845,0.26209150326797387
402,0.72085166,0.69341075,0.2627450980392157
403,0.6657738,0.73762417,0.2633986928104575
404,0.9082982,0.56957614,0.26405228758169935
405,0.42057702,0.8289154,0.2647058823529412
406,0.159693,0.50043976,0.265359477124183
407,0.28905177,0.1251635,0.26601307189542484
408,0.08574884,0.6777087,0.26666666666666666
409,0.30913126,0.6868777,0.2673202614379085
410,0.1798027,0.4423865,0.2679738562091503
411,0.3313336,0.24376108,0.26862745098039215
412,0.17109439,0.38843095,0.269281045751634
413,0.5989522,0.1825861,0.2699346405228758
414,0.5694754,0.93013227,0.27058823529411763
415,0.5780132,0.8171024,0.27124183006535946
416,0.1878766,0.45437917,0.2718954248366013
417,0.9447421,0.58089375,0.2725490196078431
418,0.6641158,0.28641367,0.27320261437908494
419,0.34303677,0.08595807,0.2738562091503268
420,0.6614224,0.63514453,0.27450980392156865
421,0.22506405,0.60704577,0.2751633986928105
422,0.44696707,0.08486455,0.2758169934640523
423,0.28738964,0.5339725,0.27647058823529413
424,0.1769602,0.15276049,0.27712418300653596
425,0.5865648,0.16272268,0.2777777777777778
426,0.034066673,0.49867168,0.2784313725490196
427,0.60425013,0.7708444,0.27908496732026145
428,0.3428554,0.5583768,0.2797385620915033
429,0.45368913,0.0739526,0.2803921568627451
430,0.14369574,0.4847546,0.28104575163398693
431,0.71178114,0.821638,0.28169934640522876
432,0.1045556,0.7254628,0.2823529411764706
433,0.33041248,0.61429673,0.2830065359477124
434,0.13256323,0.46371976,0.28366013071895424
435,0.71684384,0.6727117,0.28431372549019607
436,0.33116397,0.17537734,0.2849673202614379
437,0.85475767,0.62679696,0.2856209150326797
438,0.22677903,0.20072846,0.28627450980392155
439,0.5960225,0.96950066,0.2869281045751634
440,0.0748504,0.76731354,0.2875816993464052
441,0.45817667,0.16946311,0.28823529411764703
442,0.41635624,0.67876273,0.28888888888888886
443,0.23935547,0.73302877,0.28954248366013075
444,0.50550306,0.75263506,0.2901960784313726
445,0.27428472,0.6764183,0.2908496732026144
446,0.45913664,0.831582,0.29150326797385623
447,0.7076253,0.71675044,0.29215686274509806
448,0.038574055,0.50824463,0.2928104575163399
449,0.65781236,0.6721774,0.2934640522875817
450,0.28971267,0.04076285,0.29411764705882354
451,0.703199,0.71920055,0.29477124183006537
452,0.62389374,0.2499172,0.2954248366013072
453,0.03844341,0.5319553,0.296078431372549
454,0.4092767,0.75558376,0.29673202614379085
455,0.3048036,0.25044757,0.2973856209150327
456,0.25479683,0.1088551,0.2980392156862745
457,0.39297706,0.3802384,0.29869281045751633
458,0.06805904,0.53776133,0.29934640522875816
459,0.7352888,0.6666034,0.3
460,0.91160095,0.56357896,0.3006535947712418
461,0.38049635,0.5741327,0.30130718954248364
462,0.92827886,0.5822436,0.30196078431372547
463,0.24868825,0.09961976,0.3026143790849673
464,0.44369096,0.85335165,0.3032679738562091
465,0.14922984,0.610647,0.30392156862745096
466,0.039573006,0.49619254,0.3045751633986928
467,0.42868024,0.29307085,0.30522875816993467
468,0.18418784,0.6708625,0.3058823529411765
469,0.18573599,0.5476378,0.3065359477124183
470,0.35986495,0.06303472,0.30718954248366015
471,0.29706383,0.11762967,0.307843137254902
472,0.56000996,0.2352468,0.3084967320261438
473,0.2798023,0.25948337,0.30915032679738563
474,0.5669252,0.76571405,0.30980392156862746
475,0.23214294,0.38760135,0.3104575163398693
476,0.0470177,0.5334868,0.3111111111111111
477,0.16705711,0.6964747,0.31176470588235294
478,0.050649088,0.50356513,0.31241830065359477
479,0.11832547,0.6798557,0.3130718954248366
480,0.100238,0.73878586,0.3137254901960784
481,0.05845838,0.5236317,0.31437908496732025
482,0.25648877,0.099699356,0.3150326797385621
483,0.4139412,0.22695741,0.3156862745098039
484,0.43542692,0.08153554,0.31633986928104574
485,0.6105421,0.19575968,0.31699346405228757
486,0.17309128,0.15551701,0.3176470588235294
487,0.038522977,0.52091265,0.3183006535947712
488,0.06136701,0.5172958,0.31895424836601305
489,0.32338458,0.27747586,0.3196078431372549
490,0.41152188,0.21425758,0.3202614379084967
491,0.025177851,0.5240182,0.3209150326797386
492,0.058076765,0.5376767,0.3215686274509804
493,0.48768413,0.18618238,0.32222222222222224
494,0.15252496,0.79134,0.32287581699346407
495,0.42249808,0.23210855,0.3235294117647059
496,0.20258725,0.15273689,0.3241830065359477
497,0.5783848,0.93803996,0.32483660130718955
498,0.06469154,0.53383434,0.3254901960784314
499,0.5854462,0.9500393,0.3261437908496732
500,0.43316007,0.23186189,0.32679738562091504
501,0.1615997,0.79085773,0.32745098039215687
502,0.08543912,0.7437484,0.3281045751633987
503,0.049285214,0.5237047,0.3287581699346405
504,0.45272437,0.090402015,0.32941176470588235
505,0.58939725,0.9582426,0.3300653594771242
506,0.07692747,0.7350734,0.330718954248366
507,0.3031742,0.17403686,0.33137254901960783
508,0.72732073,0.42224994,0.33202614379084966
509,0.433225,0.10432836,0.3326797385620915
510,0.34438416,0.42227098,0.3333333333333333
511,0.59139246,0.97550637,0.33398692810457514
512,0.28270313,0.6657472,0.33464052287581697
513,0.4569692,0.1793811,0.3352941176470588
514,0.8020749,0.46142915,0.3359477124183007
515,0.09195357,0.72817683,0.3366013071895425
516,0.720745,0.8348873,0.33725490196078434
517,0.40288648,0.30193624,0.33790849673202616
518,0.39123854,0.37661508,0.338562091503268
519,0.9445187,0.5467568,0.3392156862745098
520,0.70698786,0.4825821,0.33986928104575165
521,0.8627046,0.65585387,0.3405228758169935
522,0.13540238,0.64864904,0.3411764705882353
523,0.34755725,0.56877553,0.34183006535947713
524,0.34042394,0.41018346,0.34248366013071896
525,0.5661946,0.75070554,0.3431372549019608
526,0.6435057,0.4580932,0.3437908496732026
527,0.17677556,0.6500799,0.34444444444444444
528,0.17604561,0.65346843,0.34509803921568627
529,0.44673795,0.11821522,0.3457516339869281
530,0.47948804,0.2262899,0.3464052287581699
531,0.20694925,0.14705554,0.34705882352941175
532,0.5052833,0.8525821,0.3477124183006536
533,0.14313684,0.7587058,0.3483660130718954
534,0.090646125,0.7843106,0.34901960784313724
535,0.22338808,0.51312727,0.34967320261437906
536,0.68597996,0.7111749,0.3503267973856209
537,0.6311886,0.7963274,0.3509803921568627
538,0.38804743,0.42519644,0.3516339869281046
539,0.40701425,0.29355335,0.35228758169934643
540,0.6029351,0.23266388,0.35294117647058826
541,0.6239778,0.7793898,0.3535947712418301
542,0.17617296,0.4465224,0.3542483660130719
543,0.29261374,0.12303764,0.35490196078431374
544,0.6367819,0.6531164,0.35555555555555557
545,0.60014147,0.6949207,0.3562091503267974
546,0.30032057,0.29667255,0.3568627450980392
547,0.10206054,0.7449512,0.35751633986928105
548,0.89613605,0.48292276,0.3581699346405229
549,0.3396442,0.72378373,0.3588235294117647
550,0.09133644,0.7386191,0.35947712418300654
551,0.29532233,0.040334206,0.36013071895424836
552,0.34276345,0.6379086,0.3607843137254902
553,0.72379285,0.6484588,0.361437908496732
554,0.66341466,0.6078851,0.36209150326797385
555,0.97855157,0.55969054,0.3627450980392157
556,0.6483096,0.6669801,0.3633986928104575
557,0.6342892,0.45566928,0.36405228758169933
558,0.6228681,0.272544,0.36470588235294116
559,0.70776826,0.81534207,0.365359477124183
560,0.41170114,0.8402842,0.3660130718954248
561,0.40839735,0.81904024,0.36666666666666664
562,0.90062785,0.4819582,0.3673202614379085
563,0.7471853,0.78353757,0.36797385620915035
564,0.6667126,0.54881185,0.3686274509803922
565,0.08553305,0.50462705,0.369281045751634
566,0.21800157,0.6115131,0.36993464052287583
567,0.5728579,0.19735755,0.37058823529411766
568,0.62998724,0.2387554,0.3712418300653595
569,0.4482473,0.07427098,0.3718954248366013
570,0.11407302,0.42994505,0.37254901960784315
571,0.35613638,0.29946643,0.373202614379085
572,0.37633267,0.039427016,0.3738562091503268
573,0.6117882,0.8362499,0.37450980392156863
574,0.9739773,0.5986946,0.37516339869281046
575,0.5760276,0.43956527,0.3758169934640523
576,0.41751555,0.49258918,0.3764705882352941
577,0.6986554,0.61437863,0.37712418300653594
578,0.53196776,0.8753537,0.37777777777777777
579,0.7373264,0.68481964,0.3784313725490196
580,0.13644952,0.43829846,0.3790849673202614
581,0.57292366,0.7676243,0.37973856209150325
582,0.8704877,0.58076984,0.3803921568627451
583,0.8547271,0.64414996,0.3810457516339869
584,0.5996203,0.6425749,0.38169934640522873
585,0.72637796,0.6579943,0.38235294117647056
586,0.16990605,0.4735245,0.38300653594771245
587,0.698526,0.6097951,0.3836601307189543
588,0.91687113,0.5902173,0.3843137254901961
589,0.56808656,0.82036585,0.38496732026143793
590,0.6994176,0.49514145,0.38562091503267976
591,0.43879712,0.5398163,0.3862745098039216
592,0.2975943,0.45556965,0.3869281045751634
593,0.38337094,0.5373909,0.38758169934640524
594,0.727974,0.25789857,0.38823529411764707
595,0.81312436,0.53252375,0.3888888888888889
596,0.23178305,0.62653136,0.3895424836601307
597,0.1801165,0.36513636,0.39019607843137255
598,0.47590598,0.74551547,0.3908496732026144
599,0.21356282,0.5781568,0.3915032679738562
600,0.23148271,0.5956956,0.39215686274509803
601,0.936262,0.5542245,0.39281045751633986
602,0.8759818,0.66017205,0.3934640522875817
603,0.94827515,0.5615603,0.3941176470588235
604,0.41177315,0.48488885,0.39477124183006534
605,0.73415303,0.43752295,0.3954248366013072
606,0.6936962,0.34042805,0.396078431372549
607,0.44325423,0.20000544,0.39673202614379083
608,0.5350533,0.69176185,0.39738562091503266
609,0.5868435,0.79856545,0.3980392156862745
610,0.45890838,0.8011553,0.39869281045751637
611,0.18517691,0.24896125,0.3993464052287582
612,0.34460074,0.62069994,0.4
613,0.7029525,0.4501109,0.40065359477124185
614,0.6663501,0.698044,0.4013071895424837
615,0.29816672,0.7580394,0.4019607843137255
616,0.34329274,0.39918622,0.40261437908496733
617,0.64106923,0.76130956,0.40326797385620916
618,0.7964198,0.41405383,0.403921568627451
619,0.76822394,0.38043827,0.4045751633986928
620,0.14585283,0.7530462,0.40522875816993464
621,0.6065628,0.9457906,0.40588235294117647
622,0.45405895,0.39588654,0.4065359477124183
623,0.5147791,0.6068854,0.4071895424836601
624,0.5010297,0.2374523,0.40784313725490196
625,0.74815685,0.3806396,0.4084967320261438
626,0.2836306,0.22582527,0.4091503267973856
627,0.08398939,0.7830056,0.40980392156862744
628,0.7499498,0.45012155,0.41045751633986927
629,0.4210503,0.09668724,0.4111111111111111
630,0.7218544,0.3379194,0.4117647058823529
631,0.31641927,0.74684596,0.41241830065359475
632,0.5936138,0.3539097,0.4130718954248366
633,0.46445942,0.36732683,0.4137254901960784
634,0.63858914,0.71797395,0.4143790849673203
635,0.05940686,0.71586823,0.4150326797385621
636,0.59986025,0.2683327,0.41568627450980394
637,0.76031286,0.26069838,0.41633986928104577
638,0.6027129,0.3589614,0.4169934640522876
639,0.2951945,0.05281503,0.4176470588235294
640,0.74503636,0.6520173,0.41830065359477125
641,0.66134745,0.77481437,0.4189542483660131
642,0.6091985,0.44524816,0.4196078431372549
643,0.5013979,0.2262006,0.42026143790849674
644,0.72308356,0.668096,0.42091503267973857
645,0.5516462,1.0,0.4215686274509804
646,0.20969802,0.5686295,0.4222222222222222
647,0.5561972,0.53565234,0.42287581699346405
648,0.3186672,0.04906814,0.4235294117647059
649,0.5296782,0.65148515,0.4241830065359477
650,0.48866376,0.8008704,0.42483660130718953
651,0.6332968,0.38860187,0.42549019607843136
652,0.2067226,0.3405267,0.4261437908496732
653,0.36113337,0.009703125,0.426797385620915
654,0.35860687,0.37735844,0.42745098039215684
655,0.6053778,0.79535836,0.42810457516339867
656,0.75845176,0.4039731,0.4287581699346405
657,0.31178918,0.3063784,0.4294117647058823
658,0.6074154,0.47178534,0.4300653594771242
659,0.60905814,0.1375124,0.43071895424836604
660,0.7488516,0.48388278,0.43137254901960786
661,0.76079005,0.6415284,0.4320261437908497
662,0.3151709,0.6294841,0.4326797385620915
663,0.63461185,0.72624135,0.43333333333333335
664,0.64049065,0.67808443,0.4339869281045752
665,0.51473874,0.17891982,0.434640522875817
666,0.64331937,0.29807195,0.43529411764705883
667,0.4564374,0.19886181,0.43594771241830066
668,0.7868487,0.40855736,0.4366013071895425
669,0.6673116,0.7805454,0.4372549019607843
670,0.60249573,0.9593695,0.43790849673202614
671,0.45797247,0.39631253,0.43856209150326797
672,0.25094125,0.66875297,0.4392156862745098
673,0.38483557,0.4818876,0.4398692810457516
674,0.3356941,0.4160371,0.44052287581699345
675,0.5568796,0.91534746,0.4411764705882353
676,0.45137405,0.20840298,0.4418300653594771
677,0.7607191,0.63489676,0.44248366013071894
678,0.7757856,0.31808147,0.44313725490196076
679,0.5560506,0.836824,0.4437908496732026
680,0.8774432,0.4768768,0.4444444444444444
681,0.7740055,0.3310422,0.44509803921568625
682,0.83227587,0.47388005,0.44575163398692813
683,0.48568976,0.3990601,0.44640522875816996
684,0.79095066,0.3018797,0.4470588235294118
685,0.42394164,0.30008942,0.4477124183006536
686,0.71763235,0.7566536,0.44836601307189544
687,0.536616,0.5593559,0.44901960784313727
688,0.5227553,0.18970534,0.4496732026143791
689,0.19848949,0.35796613,0.4503267973856209
690,0.6254124,0.5435956,0.45098039215686275
691,0.52004886,0.8571586,0.4516339869281046
692,0.5948562,0.953691,0.4522875816993464
693,0.5182783,0.24454792,0.45294117647058824
694,0.56820613,0.8671244,0.45359477124183006
695,0.35456994,0.5048997,0.4542483660130719
696,0.61208,0.26234317,0.4549019607843137
697,0.6873267,0.40564686,0.45555555555555555
698,0.11346366,0.7045459,0.4562091503267974
699,0.6651163,0.47594875,0.4568627450980392
700,0.3265021,0.65504646,0.45751633986928103
701,0.5438101,0.5187844,0.45816993464052286
702,0.47486147,0.35690194,0.4588235294117647
703,0.40124214,0.84021187,0.4594771241830065
704,0.5641884,0.8328478,0.46013071895424834
705,0.32409072,0.64854604,0.46078431372549017
706,0.61806846,0.9294845,0.46143790849673205
707,0.0067324815,0.54748094,0.4620915032679739
708,0.298568,0.6161951,0.4627450980392157
709,0.79652315,0.39716733,0.46339869281045754
710,0.343695,0.70204186,0.46405228758169936
711,0.9448827,0.6243236,0.4647058823529412
712,0.53868335,0.69836885,0.465359477124183
713,0.34599063,0.5845467,0.46601307189542485
714,0.50455195,0.79623,0.4666666666666667
715,0.609511,0.14681533,0.4673202614379085
716,0.5242272,0.8742786,0.46797385620915033
717,0.74468565,0.272361,0.46862745098039216
718,0.7142269,0.65832525,0.469281045751634
719,0.7041161,0.4655841,0.4699346405228758
720,0.37796852,0.4406577,0.47058823529411764
721,0.23886465,0.70985043,0.47124183006535947
722,0.6608863,0.848786,0.4718954248366013
723,0.09019303,0.7714808,0.4725490196078431
724,0.21730809,0.14822154,0.47320261437908495
725,0.5672691,0.48090667,0.4738562091503268
726,0.27377644,0.7759904,0.4745098039215686
727,0.5244886,0.76028454,0.47516339869281043
728,0.5743764,0.8502607,0.47581699346405226
729,0.5630028,0.7182921,0.4764705882352941
730,0.56461275,0.2044666,0.477124183006536
731,0.7651159,0.77428496,0.4777777777777778
732,0.38641137,0.43796456,0.47843137254901963
733,0.62198097,0.18685381,0.47908496732026146
734,0.7072105,0.77518344,0.4797385620915033
735,0.7254148,0.7118238,0.4803921568627451
736,0.5997199,0.76650846,0.48104575163398694
737,0.3130376,0.16301663,0.48169934640522877
738,0.440976,0.24284244,0.4823529411764706
739,0.12269328,0.77235997,0.4830065359477124
740,0.24800336,0.3901104,0.48366013071895425
741,0.45173588,0.10725452,0.4843137254901961
742,0.7779078,0.41841003,0.4849673202614379
743,0.42465878,0.8212638,0.48562091503267973
744,0.8513094,0.4998158,0.48627450980392156
745,0.35707697,0.7561356,0.4869281045751634
746,0.6118425,0.20872518,0.4875816993464052
747,0.53274703,0.6371895,0.48823529411764705
748,0.38102156,0.34751317,0.4888888888888889
749,0.65415287,0.5938395,0.4895424836601307
750,0.39104685,0.68398243,0.49019607843137253
751,0.6965277,0.27787885,0.49084967320261436
752,0.65330315,0.28875273,0.4915032679738562
753,0.48707148,0.34568536,0.492156862745098
754,0.29614148,0.49432597,0.4928104575163399
755,0.55853295,0.8660561,0.4934640522875817
756,0.1323176,0.74612254,0.49411764705882355
757,0.24299476,0.71730804,0.4947712418300654
758,0.47441983,0.81681323,0.4954248366013072
759,0.0731618,0.71937484,0.49607843137254903
760,0.43532985,0.5558962,0.49673202614379086
761,0.49422887,0.7345397,0.4973856209150327
762,0.97441554,0.61431247,0.4980392156862745
763,0.7755495,0.453778,0.49869281045751634
764,0.15769246,0.4852738,0.4993464052287582
765,0.07762662,0.7759063,0.5
766,0.76263994,0.53433836,0.5006535947712418
767,0.6526101,0.499546,0.5013071895424837
768,0.8724346,0.5167028,0.5019607843137255
769,0.2728215,0.6843476,0.5026143790849673
770,0.2833523,0.74882823,0.5032679738562091
771,0.74549764,0.4687528,0.503921568627451
772,0.30760813,0.5712115,0.5045751633986928
773,0.59634215,0.94581336,0.5052287581699346
774,0.09269508,0.81271344,0.5058823529411764
775,0.4671762,0.6744599,0.5065359477124183
776,0.417655,0.30888703,0.5071895424836601
777,0.26937294,0.34022704,0.5078431372549019
778,0.72121304,0.4293623,0.5084967320261438
779,0.65071976,0.76106894,0.5091503267973856
780,0.7852596,0.3701565,0.5098039215686274
781,0.08430809,0.76931715,0.5104575163398692
782,0.36388302,0.30401945,0.5111111111111111
783,0.7398318,0.69066095,0.5117647058823529
784,0.40726918,0.31347793,0.5124183006535947
785,0.36121324,0.7647963,0.5130718954248366
786,0.47248745,0.4145344,0.5137254901960784
787,0.828585,0.51752144,0.5143790849673202
788,0.6943753,0.5751053,0.515032679738562
789,0.28014547,0.6810553,0.515686274509804
790,0.5739545,0.7049457,0.5163398692810458
791,0.5689271,0.6551736,0.5169934640522876
792,0.5498464,0.21885282,0.5176470588235295
793,0.20554811,0.3752573,0.5183006535947713
794,0.70453227,0.32248053,0.5189542483660131
795,0.43381676,0.3665144,0.5196078431372549
796,0.27659607,0.72102207,0.5202614379084968
797,0.7496607,0.27754834,0.5209150326797386
798,0.45957065,0.52997154,0.5215686274509804
799,0.4094218,0.8312729,0.5222222222222223
800,0.48309582,0.4632506,0.5228758169934641
801,0.4638952,0.34543973,0.5235294117647059
802,0.4316618,0.16794884,0.5241830065359477
803,0.8023771,0.37621862,0.5248366013071896
804,0.5621422,0.33545417,0.5254901960784314
805,0.1451197,0.6288424,0.5261437908496732
806,0.24002337,0.47889292,0.526797385620915
807,0.63427716,0.8181081,0.5274509803921569
808,0.5970251,0.925201,0.5281045751633987
809,0.068019375,0.7245269,0.5287581699346405
810,0.42630556,0.41851494,0.5294117647058824
811,0.56607103,0.9893739,0.5300653594771242
812,0.79997206,0.38311803,0.530718954248366
813,0.9590284,0.5642342,0.5313725490196078
814,0.43511543,0.8139275,0.5320261437908497
815,0.118883036,0.4647284,0.5326797385620915
816,0.51544815,0.76363283,0.5333333333333333
817,0.42609665,0.5508992,0.5339869281045752
818,0.585229,0.65962136,0.534640522875817
819,0.7179092,0.3599095,0.5352941176470588
820,0.35836276,0.5692126,0.5359477124183006
821,0.6162756,0.1499015,0.5366013071895425
822,0.53958917,0.26445708,0.5372549019607843
823,0.60814625,0.2698661,0.5379084967320261
824,0.44575205,0.38608128,0.538562091503268
825,0.6812771,0.6634824,0.5392156862745098
826,0.7096354,0.7924567,0.5398692810457516
827,0.0,0.5522905,0.5405228758169934
828,0.27306524,0.3911322,0.5411764705882353
829,0.7030085,0.66723,0.5418300653594771
830,0.28439075,0.583022,0.5424836601307189
831,0.908357,0.53966403,0.5431372549019607
832,0.60535365,0.51225424,0.5437908496732026
833,0.38594696,0.72529054,0.5444444444444444
834,0.34749123,0.5769707,0.5450980392156862
835,0.3306068,0.3281758,0.545751633986928
836,0.7960573,0.44788456,0.5464052287581699
837,0.29444435,0.3146384,0.5470588235294118
838,0.7536018,0.296383,0.5477124183006536
839,0.94625676,0.5910728,0.5483660130718955
840,0.67712283,0.5069812,0.5490196078431373
841,0.2820324,0.73840266,0.5496732026143791
842,0.20614886,0.43011406,0.550326797385621
843,0.6000362,0.1678319,0.5509803921568628
844,0.49365637,0.62872195,0.5516339869281046
845,0.25289991,0.62732905,0.5522875816993464
846,0.27045256,0.51978445,0.5529411764705883
847,0.26448008,0.7679719,0.5535947712418301
848,0.2388076,0.05492068,0.5542483660130719
849,0.28587666,0.60267687,0.5549019607843138
850,0.0795621,0.72957444,0.5555555555555556
851,0.42987892,0.8061133,0.5562091503267974
852,0.5172364,0.8729579,0.5568627450980392
853,0.22019383,0.6037953,0.5575163398692811
854,0.6164967,0.71854866,0.5581699346405229
855,0.76550686,0.28638893,0.5588235294117647
856,0.5518014,0.79765195,0.5594771241830065
857,0.2917046,0.5755746,0.5601307189542484
858,0.8795997,0.5147154,0.5607843137254902
859,0.6619935,0.7413874,0.561437908496732
860,0.4914064,0.7759053,0.5620915032679739
861,0.31118116,0.7420562,0.5627450980392157
862,0.40451556,0.24202128,0.5633986928104575
863,0.5427276,0.55471677,0.5640522875816993
864,0.3998299,0.5430738,0.5647058823529412
865,0.5100905,0.2544606,0.565359477124183
866,0.45232594,0.24930942,0.5660130718954248
867,0.68981344,0.8274706,0.5666666666666667
868,0.43084893,0.5487257,0.5673202614379085
869,0.67642224,0.54678345,0.5679738562091503
870,0.29099748,0.61794066,0.5686274509803921
871,0.43992323,0.67231196,0.569281045751634
872,0.43595752,0.40608063,0.5699346405228758
873,0.09772905,0.6652881,0.5705882352941176
874,0.091452636,0.7595559,0.5712418300653594
875,0.43218365,0.42267507,0.5718954248366013
876,0.6409861,0.7759198,0.5725490196078431
877,0.78917384,0.3123729,0.5732026143790849
878,0.57860345,0.9489336,0.5738562091503268
879,0.6100307,0.22521342,0.5745098039215686
880,0.08264271,0.47821823,0.5751633986928104
881,0.40744638,0.32071093,0.5758169934640522
882,0.36304277,0.69786024,0.5764705882352941
883,0.2058247,0.45562613,0.5771241830065359
884,0.4024371,0.4863891,0.5777777777777777
885,0.46489388,0.78976846,0.5784313725490197
886,0.6393841,0.6531978,0.5790849673202615
887,0.29873642,0.5880784,0.5797385620915033
888,0.2721321,0.6419435,0.5803921568627451
889,0.4661241,0.72419155,0.581045751633987
890,0.57159287,0.32826632,0.5816993464052288
891,0.50493765,0.42462775,0.5823529411764706
892,0.39998376,0.5529334,0.5830065359477125
893,0.3511466,0.5104566,0.5836601307189543
894,0.59252006,0.7963216,0.5843137254901961
895,0.46002614,0.7302299,0.5849673202614379
896,0.6139592,0.4252991,0.5856209150326798
897,0.21782213,0.4903036,0.5862745098039216
898,0.7805644,0.38413206,0.5869281045751634
899,0.5981779,0.30661163,0.5875816993464053
900,0.21263042,0.1617796,0.5882352941176471
901,0.13437118,0.7195488,0.5888888888888889
902,0.10259369,0.76851165,0.5895424836601307
903,0.69876957,0.6876405,0.5901960784313726
904,0.5064742,0.7614554,0.5908496732026144
905,0.2701111,0.33088028,0.5915032679738562
906,0.6853069,0.51185423,0.592156862745098
907,0.33686137,0.65306115,0.5928104575163399
908,0.6943291,0.46242958,0.5934640522875817
909,0.90636575,0.5526092,0.5941176470588235
910,0.22999324,0.52956825,0.5947712418300654
911,0.5755778,0.42882,0.5954248366013072
912,0.5884175,0.24047332,0.596078431372549
913,0.42936736,0.09928904,0.5967320261437908
914,0.6946569,0.6913764,0.5973856209150327
915,0.7598945,0.2753538,0.5980392156862745
916,0.7180002,0.6953971,0.5986928104575163
917,0.8820935,0.6759931,0.5993464052287582
918,0.7268198,0.36126897,0.6
919,0.23523965,0.69004774,0.6006535947712418
920,0.58249223,0.22556615,0.6013071895424836
921,0.2995169,0.55843663,0.6019607843137255
922,0.2635606,0.6785779,0.6026143790849673
923,0.9560017,0.57845294,0.6032679738562091
924,0.26920277,0.35014477,0.6039215686274509
925,0.047561567,0.7171507,0.6045751633986928
926,0.7477439,0.26238942,0.6052287581699346
927,0.21013214,0.444514,0.6058823529411764
928,0.7523647,0.40199313,0.6065359477124183
929,0.26660573,0.7318695,0.6071895424836601
930,0.8440795,0.5076165,0.6078431372549019
931,0.2737765,0.6521331,0.6084967320261437
932,0.27121332,0.4370361,0.6091503267973856
933,0.58960813,0.9270143,0.6098039215686275
934,0.4640366,0.43436027,0.6104575163398693
935,0.45154217,0.34670562,0.6111111111111112
936,0.33169913,0.090134054,0.611764705882353
937,0.47127983,0.40108377,0.6124183006535948
938,0.54625994,0.800085,0.6130718954248366
939,0.44123003,0.21832936,0.6137254901960785
940,0.38610825,0.67630506,0.6143790849673203
941,0.26200825,0.6079292,0.6150326797385621
942,0.6180021,0.67741585,0.615686274509804
943,0.3034028,0.32864815,0.6163398692810458
944,0.7245735,0.32757592,0.6169934640522876
945,0.36888486,0.5538216,0.6176470588235294
946,0.11225393,0.77364826,0.6183006535947713
947,0.28102645,0.6954186,0.6189542483660131
948,0.44724873,0.36863342,0.6196078431372549
949,0.48125672,0.23549323,0.6202614379084967
950,0.26270545,0.12037491,0.6209150326797386
951,0.7633052,0.27674752,0.6215686274509804
952,0.2515226,0.70654124,0.6222222222222222
953,0.71673465,0.763955,0.6228758169934641
954,0.24772994,0.09012676,0.6235294117647059
955,0.53212535,0.7413704,0.6241830065359477
956,0.48542646,0.64398426,0.6248366013071895
957,0.5398168,0.8085542,0.6254901960784314
958,0.6905196,0.80654526,0.6261437908496732
959,0.51844436,0.7169398,0.626797385620915
960,0.42335385,0.68616736,0.6274509803921569
961,0.30940142,0.14868982,0.6281045751633987
962,0.29012597,0.6435932,0.6287581699346405
963,0.27862284,0.7665401,0.6294117647058823
964,0.1947408,0.3433705,0.6300653594771242
965,0.35774058,0.59587145,0.630718954248366
966,0.6413761,0.30844295,0.6313725490196078
967,0.073251076,0.490648,0.6320261437908496
968,0.30355123,0.57774335,0.6326797385620915
969,0.25126544,0.5951516,0.6333333333333333
970,0.64056516,0.378797,0.6339869281045751
971,0.6684582,0.8358603,0.634640522875817
972,0.5023771,0.62550414,0.6352941176470588
973,0.87348336,0.55512255,0.6359477124183006
974,0.2948967,0.22937886,0.6366013071895424
975,0.864738,0.4568895,0.6372549019607843
976,0.80687475,0.4196678,0.6379084967320261
977,0.27782705,0.62887466,0.6385620915032679
978,0.4143137,0.3172272,0.6392156862745098
979,0.28675714,0.6207339,0.6398692810457516
980,0.1521378,0.51930434,0.6405228758169934
981,0.3599444,0.5163021,0.6411764705882353
982,0.26020488,0.41463688,0.6418300653594772
983,0.5455806,0.36269736,0.642483660130719
984,0.6771353,0.68063945,0.6431372549019608
985,0.92177904,0.6196381,0.6437908496732027
986,0.6328908,0.63766694,0.6444444444444445
987,0.51443905,0.41954198,0.6450980392156863
988,0.085280746,0.5152999,0.6457516339869281
989,0.51630056,0.42691365,0.64640522875817
990,0.2680234,0.7609801,0.6470588235294118
991,0.29876965,0.6435749,0.6477124183006536
992,0.71839225,0.24853775,0.6483660130718955
993,0.55186516,0.3540111,0.6490196078431373
994,0.7084747,0.7662747,0.6496732026143791
995,0.4612071,0.6935741,0.6503267973856209
996,0.5415006,0.58743405,0.6509803921568628
997,0.50998694,0.57413214,0.6516339869281046
998,0.37199992,0.5843984,0.6522875816993464
999,0.437557,0.3611192,0.6529411764705882
1000,0.33086398,0.1059158,0.6535947712418301
1001,0.5370466,0.22534303,0.6542483660130719
1002,0.93279856,0.53975546,0.6549019607843137
1003,0.23152412,0.32860774,0.6555555555555556
1004,0.86325794,0.4671765,0.6562091503267974
1005,0.4797862,0.23996091,0.6568627450980392
1006,0.6293617,0.404105,0.657516339869281
1007,0.6546523,0.47314814,0.6581699346405229
1008,0.2318554,0.7016888,0.6588235294117647
1009,0.6648073,0.4837537,0.6594771241830065
1010,0.687348,0.61095184,0.6601307189542484
1011,0.27780646,0.7575751,0.6607843137254902
1012,0.5044459,0.18173867,0.661437908496732
1013,0.7909273,0.3766569,0.6620915032679738
1014,0.8251958,0.4556007,0.6627450980392157
1015,0.8859537,0.45479587,0.6633986928104575
1016,0.7901997,0.38805902,0.6640522875816993
1017,0.92094296,0.5633631,0.6647058823529411
1018,0.50849915,0.4067855,0.665359477124183
1019,0.23426458,0.463024,0.6660130718954248
1020,0.2457577,0.6140187,0.6666666666666666
1021,0.45543823,0.6698395,0.6673202614379085
1022,0.3041947,0.5888901,0.6679738562091503
1023,0.7459974,0.55483997,0.6686274509803921
1024,0.34772125,0.4829302,0.6692810457516339
1025,0.7530318,0.5246513,0.6699346405228758
1026,0.7145233,0.80855125,0.6705882352941176
1027,0.59566385,0.63313836,0.6712418300653594
1028,0.35912195,0.39293912,0.6718954248366014
1029,0.30493858,0.5350575,0.6725490196078432
1030,0.42065683,0.5362539,0.673202614379085
1031,0.56492186,0.43188682,0.6738562091503268
1032,0.37441504,0.5269216,0.6745098039215687
1033,0.4141124,0.24559835,0.6751633986928105
1034,0.4529817,0.7719737,0.6758169934640523
1035,0.2545193,0.24133214,0.6764705882352942
1036,0.4668846,0.82863015,0.677124183006536
1037,0.7819545,0.30789086,0.6777777777777778
1038,0.58383787,0.3819093,0.6784313725490196
1039,0.27296573,0.7496515,0.6790849673202615
1040,0.67176944,0.3414488,0.6797385620915033
1041,0.79793954,0.5785952,0.6803921568627451
1042,0.39368272,0.5004173,0.681045751633987
1043,0.24633996,0.37695703,0.6816993464052288
1044,0.2067643,0.5757646,0.6823529411764706
1045,0.6229932,0.22995305,0.6830065359477124
1046,0.6545387,0.38553354,0.6836601307189543
1047,0.47497582,0.83330554,0.6843137254901961
1048,0.41883644,0.08386761,0.6849673202614379
1049,0.42028344,0.5582962,0.6856209150326797
1050,0.24223287,0.5984225,0.6862745098039216
1051,0.7018119,0.3528267,0.6869281045751634
1052,0.343865,0.70656914,0.6875816993464052
1053,0.27022094,0.42904282,0.6882352941176471
1054,0.36859402,0.5991766,0.6888888888888889
1055,0.68268746,0.7536814,0.6895424836601307
1056,0.33083853,0.7057269,0.6901960784313725
1057,0.43218723,0.789214,0.6908496732026144
1058,0.22580945,0.4915947,0.6915032679738562
1059,0.7292715,0.28946736,0.692156862745098
1060,0.81374747,0.45057473,0.6928104575163399
1061,0.5023001,0.1887242,0.6934640522875817
1062,0.3427737,0.75160974,0.6941176470588235
1063,0.7183339,0.73701805,0.6947712418300653
1064,0.23799048,0.60793287,0.6954248366013072
1065,0.7190444,0.5077581,0.696078431372549
1066,0.3050231,0.35907018,0.6967320261437908
1067,0.6131922,0.40393052,0.6973856209150326
1068,0.69623387,0.77217984,0.6980392156862745
1069,0.58043027,0.7661747,0.6986928104575163
1070,0.5120371,0.26703727,0.6993464052287581
1071,0.7591308,0.47443283,0.7
1072,0.67658025,0.3381739,0.7006535947712418
1073,0.61399883,0.25316545,0.7013071895424836
1074,0.23354441,0.16093554,0.7019607843137254
1075,0.42679846,0.34882692,0.7026143790849673
1076,0.31913584,0.36813238,0.7032679738562092
1077,0.5541074,0.22605541,0.703921568627451
1078,0.5932393,0.38330704,0.7045751633986929
1079,0.6847758,0.3416845,0.7052287581699347
1080,0.2819608,0.21180432,0.7058823529411765
1081,0.4520184,0.6622496,0.7065359477124183
1082,0.6070633,0.5284463,0.7071895424836602
1083,0.42543808,0.49981555,0.707843137254902
1084,0.2760233,0.51499355,0.7084967320261438
1085,0.429481,0.6776909,0.7091503267973857
1086,0.36963198,0.57955796,0.7098039215686275
1087,0.67468417,0.66546696,0.7104575163398693
1088,0.016481612,0.51997435,0.7111111111111111
1089,0.7014528,0.24139673,0.711764705882353
1090,0.38037744,0.24011138,0.7124183006535948
1091,0.8281031,0.4326074,0.7130718954248366
1092,0.28924966,0.7569813,0.7137254901960784
1093,0.5735862,0.36260772,0.7143790849673203
1094,0.5679844,0.7011195,0.7150326797385621
1095,0.6506432,0.36500633,0.7156862745098039
1096,0.19588041,0.37801602,0.7163398692810458
1097,0.47186205,0.1999244,0.7169934640522876
1098,0.88676554,0.5260291,0.7176470588235294
1099,0.7149351,0.24718268,0.7183006535947712
1100,0.56048805,0.1695113,0.7189542483660131
1101,0.71257436,0.2672825,0.7196078431372549
1102,0.59803474,0.19583927,0.7202614379084967
1103,0.075354576,0.502898,0.7209150326797386
1104,0.30763417,0.62273425,0.7215686274509804
1105,0.32386813,0.6690212,0.7222222222222222
1106,0.0070787654,0.5340975,0.722875816993464
1107,0.30473074,0.22407897,0.7235294117647059
1108,0.30840293,0.23112455,0.7241830065359477
1109,0.26409113,0.5901053,0.7248366013071895
1110,0.41751602,0.47566682,0.7254901960784313
1111,0.62034804,0.6445146,0.7261437908496732
1112,0.6309884,0.84072024,0.726797385620915
1113,0.32348996,0.46680015,0.7274509803921568
1114,0.68074614,0.8160918,0.7281045751633987
1115,0.92930937,0.54592973,0.7287581699346405
1116,0.4746195,0.7315347,0.7294117647058823
1117,0.9931277,0.6272995,0.7300653594771241
1118,0.6152011,0.61311424,0.730718954248366
1119,0.3194079,0.6636661,0.7313725490196078
1120,0.69224775,0.45923507,0.7320261437908496
1121,0.3032547,0.16045757,0.7326797385620915
1122,0.607083,0.41359234,0.7333333333333333
1123,0.37333903,0.3476737,0.7339869281045751
1124,0.39205906,0.48619384,0.734640522875817
1125,0.27414313,0.55932647,0.7352941176470589
1126,0.43950573,0.37098002,0.7359477124183007
1127,0.5173878,0.5552127,0.7366013071895425
1128,0.26374537,0.41192752,0.7372549019607844
1129,0.93693775,0.56944716,0.7379084967320262
1130,0.7098618,0.26193124,0.738562091503268
1131,0.79493606,0.58986485,0.7392156862745098
1132,0.13827348,0.7123142,0.7398692810457517
1133,0.2128823,0.43285695,0.7405228758169935
1134,0.55094206,0.16979304,0.7411764705882353
1135,0.55094206,0.16979304,0.7418300653594772
1136,0.39746884,0.51942605,0.742483660130719
1137,0.5306929,0.27672446,0.7431372549019608
1138,0.5544776,0.15369225,0.7437908496732026
1139,0.29912248,0.7497101,0.7444444444444445
1140,0.24933453,0.58729625,0.7450980392156863
1141,0.19043037,0.55275464,0.7457516339869281
1142,0.38455245,0.54506665,0.74640522875817
1143,0.6989693,0.6443291,0.7470588235294118
1144,0.3708815,0.71571875,0.7477124183006536
1145,0.13682131,0.48381153,0.7483660130718954
1146,0.54546905,0.15119618,0.7490196078431373
1147,0.44512424,0.4034595,0.7496732026143791
1148,0.31799105,0.3221714,0.7503267973856209
1149,0.7866887,0.42084143,0.7509803921568627
1150,0.30185312,0.23530285,0.7516339869281046
1151,0.9190119,0.5777518,0.7522875816993464
1152,0.7197425,0.29072386,0.7529411764705882
1153,0.302309,0.7763876,0.75359477124183
1154,0.60604316,0.8364904,0.7542483660130719
1155,0.7903649,0.4657242,0.7549019607843137
1156,0.51551473,0.20519465,0.7555555555555555
1157,0.69908935,0.321195,0.7562091503267974
1158,0.5178604,0.19604889,0.7568627450980392
1159,0.09900818,0.7588426,0.757516339869281
1160,0.93123174,0.62402856,0.7581699346405228
1161,0.30955645,0.32421717,0.7588235294117647
1162,0.4288168,0.72208685,0.7594771241830065
1163,0.35318467,0.0784563,0.7601307189542483
1164,0.36186478,0.24880694,0.7607843137254902
1165,0.4720731,0.28389218,0.761437908496732
1166,0.5136074,0.5703996,0.7620915032679738
1167,0.36113432,0.72057325,0.7627450980392156
1168,0.34471184,0.23772165,0.7633986928104575
1169,0.63511944,0.8359557,0.7640522875816993
1170,0.30679333,0.33478463,0.7647058823529411
1171,0.59214616,0.403762,0.765359477124183
1172,0.67624253,0.7205215,0.7660130718954249
1173,0.38827634,0.7199104,0.7666666666666667
1174,0.53950924,0.16121389,0.7673202614379085
1175,0.29238987,0.7422519,0.7679738562091504
1176,0.5595714,0.9969639,0.7686274509803922
1177,0.85485244,0.46183425,0.769281045751634
1178,0.6568913,0.7813299,0.7699346405228759
1179,0.5584343,0.9903747,0.7705882352941177
1180,0.735132,0.26869592,0.7712418300653595
1181,0.73071444,0.27687636,0.7718954248366013
1182,0.7019709,0.67424047,0.7725490196078432
1183,0.5177429,0.4045235,0.773202614379085
1184,0.1349776,0.6651656,0.7738562091503268
1185,0.42989692,0.780335,0.7745098039215687
1186,0.358474,0.5873312,0.7751633986928105
1187,0.7119926,0.47400352,0.7758169934640523
1188,0.56884414,0.78739786,0.7764705882352941
1189,0.5649018,0.37636855,0.777124183006536
1190,0.63881713,0.25155205,0.7777777777777778
1191,0.37643257,0.3426417,0.7784313725490196
1192,0.56858706,0.35860923,0.7790849673202614
1193,0.36740845,0.29097164,0.7797385620915033
1194,0.48535,0.2839245,0.7803921568627451
1195,0.58457476,0.743761,0.7810457516339869
1196,0.15165894,0.75135696,0.7816993464052288
1197,0.6013318,0.25903565,0.7823529411764706
1198,0.61823547,0.94288206,0.7830065359477124
1199,0.81704545,0.52261263,0.7836601307189542
1200,0.57227474,0.20495167,0.7843137254901961
1201,0.17026748,0.4287653,0.7849673202614379
1202,0.5478331,0.13549826,0.7856209150326797
1203,0.25381425,0.4765716,0.7862745098039216
1204,0.7378802,0.30746993,0.7869281045751634
1205,0.662026,0.5748669,0.7875816993464052
1206,0.9552352,0.5498852,0.788235294117647
1207,0.7849676,0.46382654,0.7888888888888889
1208,0.9598429,0.54200995,0.7895424836601307
1209,0.27546856,0.6031563,0.7901960784313725
1210,0.5826851,0.40772867,0.7908496732026143
1211,0.22529754,0.17988311,0.7915032679738562
1212,0.47809073,0.65249956,0.792156862745098
1213,0.42919427,0.54220444,0.7928104575163398
1214,0.36040828,0.4652939,0.7934640522875817
1215,0.46288517,0.35685724,0.7941176470588235
1216,0.63794476,0.5565271,0.7947712418300653
1217,0.012950825,0.54789835,0.7954248366013071
1218,0.7371438,0.28496403,0.796078431372549
1219,0.2690657,0.6681327,0.7967320261437908
1220,0.69075656,0.40255034,0.7973856209150327
1221,0.27552995,0.73210996,0.7980392156862746
1222,0.6571978,0.4984588,0.7986928104575164
1223,0.48291093,0.746189,0.7993464052287582
1224,0.89765775,0.5742447,0.8
1225,0.6014849,0.8319051,0.8006535947712419
1226,0.2989462,0.6267107,0.8013071895424837
1227,0.24707158,0.16759521,0.8019607843137255
1228,0.89823353,0.55816334,0.8026143790849674
1229,0.47510174,0.6565626,0.8032679738562092
1230,0.5058973,0.23427966,0.803921568627451
1231,0.29011703,0.56593263,0.8045751633986928
1232,0.5095958,0.5984527,0.8052287581699347
1233,0.5187938,0.27145293,0.8058823529411765
1234,0.87378514,0.52941215,0.8065359477124183
1235,0.21577471,0.40047142,0.8071895424836601
1236,0.51471126,0.24082741,0.807843137254902
1237,0.31499848,0.4169532,0.8084967320261438
1238,0.62087107,0.92668766,0.8091503267973856
1239,0.2723623,0.7249255,0.8098039215686275
1240,0.8139813,0.38497207,0.8104575163398693
1241,0.34516498,0.49089614,0.8111111111111111
1242,0.46650526,0.4328737,0.8117647058823529
1243,0.67713326,0.44493464,0.8124183006535948
1244,0.54695916,0.18278466,0.8130718954248366
1245,0.8131629,0.46003515,0.8137254901960784
1246,0.60910136,0.8263898,0.8143790849673203
1247,0.48831308,0.6164297,0.8150326797385621
1248,0.5302836,0.4839147,0.8156862745098039
1249,0.29766917,0.77701545,0.8163398692810457
1250,0.325626,0.36195734,0.8169934640522876
1251,0.5499424,0.8759369,0.8176470588235294
1252,0.6742456,0.69616055,0.8183006535947712
1253,0.56908834,0.34794232,0.818954248366013
1254,0.7142142,0.36958078,0.8196078431372549
1255,0.32955015,0.20420104,0.8202614379084967
1256,0.33950767,0.52713394,0.8209150326797385
1257,0.7912994,0.5787108,0.8215686274509804
1258,0.32290402,0.20609568,0.8222222222222222
1259,0.6314494,0.2662398,0.822875816993464
1260,0.59437984,0.6404534,0.8235294117647058
1261,0.28330117,0.3608374,0.8241830065359477
1262,0.33221182,0.29872954,0.8248366013071895
1263,0.5439452,0.7392528,0.8254901960784313
1264,0.74115753,0.26119408,0.8261437908496732
1265,0.506224,0.7417681,0.826797385620915
1266,0.36528456,0.37318867,0.8274509803921568
1267,0.5931496,0.3930802,0.8281045751633986
1268,0.2699456,0.44805968,0.8287581699346406
1269,0.23936832,0.1690875,0.8294117647058824
1270,0.31079704,0.5384161,0.8300653594771242
1271,0.6444421,0.56055444,0.8307189542483661
1272,0.9906801,0.61444616,0.8313725490196079
1273,0.4680587,0.5399219,0.8320261437908497
1274,0.7832938,0.32477558,0.8326797385620915
1275,0.4555858,0.11621843,0.8333333333333334
1276,0.5098278,0.22535162,0.8339869281045752
1277,0.5381632,0.6681811,0.834640522875817
1278,0.30373314,0.69461644,0.8352941176470589
1279,0.3160015,0.22654513,0.8359477124183007
1280,0.6084424,0.49932912,0.8366013071895425
1281,0.9657773,0.5515236,0.8372549019607843
1282,0.62945455,0.5427276,0.8379084967320262
1283,0.27183303,0.5432068,0.838562091503268
1284,0.25441882,0.74076444,0.8392156862745098
1285,0.22593652,0.4651883,0.8398692810457516
1286,0.52511454,0.80462146,0.8405228758169935
1287,0.32086456,0.24240744,0.8411764705882353
1288,0.6823817,0.49475014,0.8418300653594771
1289,0.87764823,0.5685612,0.842483660130719
1290,0.15137869,0.3921252,0.8431372549019608
1291,0.36622864,0.2726464,0.8437908496732026
1292,0.24736595,0.24549197,0.8444444444444444
1293,0.78203255,0.4575849,0.8450980392156863
1294,0.6446697,0.53325737,0.8457516339869281
1295,0.35876134,0.23135158,0.8464052287581699
1296,0.35876134,0.23135158,0.8470588235294118
1297,0.7183547,0.4905048,0.8477124183006536
1298,0.3194213,0.64218783,0.8483660130718954
1299,0.60633326,0.47799423,0.8490196078431372
1300,0.6585779,0.86945444,0.8496732026143791
1301,0.60757977,0.48873672,0.8503267973856209
1302,0.92778766,0.5584287,0.8509803921568627
1303,0.5942209,0.21084844,0.8516339869281045
1304,0.26509213,0.31631446,0.8522875816993464
1305,0.86908907,0.53909296,0.8529411764705882
1306,0.55220604,0.132002,0.85359477124183
1307,0.32538772,0.21905863,0.8542483660130719
1308,0.36920246,0.07900353,0.8549019607843137
1309,0.4191003,0.39998814,0.8555555555555555
1310,0.70644987,0.337044,0.8562091503267973
1311,0.32981014,0.5230996,0.8568627450980392
1312,0.4687626,0.31667998,0.857516339869281
1313,0.023832817,0.54467773,0.8581699346405228
1314,0.7975326,0.44232848,0.8588235294117647
1315,0.34430945,0.53085405,0.8594771241830066
1316,0.6052174,0.46062827,0.8601307189542484
1317,0.69016325,0.62083745,0.8607843137254902
1318,0.5294591,0.48997483,0.8614379084967321
1319,0.358981,0.08126293,0.8620915032679739
1320,0.2546986,0.3887901,0.8627450980392157
1321,0.32178897,0.5269079,0.8633986928104576
1322,0.5693827,0.17166054,0.8640522875816994
1323,0.22940357,0.58045846,0.8647058823529412
1324,0.30517745,0.45755786,0.865359477124183
1325,0.55793625,0.34036314,0.8660130718954249
1326,0.6439226,0.5398343,0.8666666666666667
1327,0.8986682,0.52299166,0.8673202614379085
1328,0.6003407,0.24564657,0.8679738562091504
1329,0.6903025,0.8154657,0.8686274509803922
1330,0.96694726,0.5630561,0.869281045751634
1331,0.65799093,0.6260732,0.8699346405228758
1332,0.47985786,0.753192,0.8705882352941177
1333,0.4849437,0.43409008,0.8712418300653595
1334,0.54710525,0.2522625,0.8718954248366013
1335,0.2230897,0.56266624,0.8725490196078431
1336,0.45173287,0.79854476,0.873202614379085
1337,0.505201,0.5550262,0.8738562091503268
1338,0.74141157,0.38026097,0.8745098039215686
1339,0.3461655,0.26010677,0.8751633986928105
1340,0.5709465,0.6787197,0.8758169934640523
1341,0.31759265,0.69440603,0.8764705882352941
1342,0.40875635,0.55722827,0.8771241830065359
1343,0.3233725,0.31769106,0.8777777777777778
1344,0.41082472,0.4781404,0.8784313725490196
1345,0.30749694,0.38057777,0.8790849673202614
1346,0.26713726,0.559457,0.8797385620915033
1347,0.32129496,0.13893852,0.8803921568627451
1348,0.30919284,0.4518329,0.8810457516339869
1349,0.30504525,0.75537676,0.8816993464052287
1350,0.5274971,0.24741934,0.8823529411764706
1351,0.12752987,0.4465354,0.8830065359477124
1352,0.19232042,0.57453644,0.8836601307189542
1353,0.4789047,0.4745262,0.884313725490196
1354,0.3175099,0.3086469,0.8849673202614379
1355,0.5077162,0.27105933,0.8856209150326797
1356,0.4113513,0.5387343,0.8862745098039215
1357,0.8217791,0.45102215,0.8869281045751634
1358,0.95807093,0.6352635,0.8875816993464052
1359,0.12071014,0.64891976,0.888235294117647
1360,0.6260707,0.71666193,0.8888888888888888
1361,0.63478595,0.682472,0.8895424836601307
1362,0.33450708,0.70007104,0.8901960784313725
1363,0.69909483,0.730054,0.8908496732026144
1364,0.5181364,0.59257895,0.8915032679738563
1365,0.63122064,0.5799569,0.8921568627450981
1366,0.29436314,0.65221363,0.8928104575163399
1367,0.37952805,0.5301953,0.8934640522875817
1368,0.2844527,0.7791649,0.8941176470588236
1369,0.5083835,0.54032177,0.8947712418300654
1370,0.64799994,0.5579743,0.8954248366013072
1371,0.25910017,0.5277982,0.8960784313725491
1372,0.68217707,0.3515003,0.8967320261437909
1373,0.60133797,0.52335423,0.8973856209150327
1374,0.2623977,0.22542462,0.8980392156862745
1375,0.60844564,0.55565315,0.8986928104575164
1376,0.95212024,0.6307495,0.8993464052287582
1377,0.52694535,0.58520293,0.9
1378,0.38407564,0.4953336,0.9006535947712418
1379,0.6696511,0.434134,0.9013071895424837
1380,0.6507704,0.5224974,0.9019607843137255
1381,0.5678115,0.5257858,0.9026143790849673
1382,0.6494753,0.6100822,0.9032679738562092
1383,0.32492834,0.50404036,0.903921568627451
1384,0.21295802,0.4076909,0.9045751633986928
1385,0.32163596,0.5144684,0.9052287581699346
1386,0.24098672,0.3298228,0.9058823529411765
1387,0.5463364,0.7009519,0.9065359477124183
1388,0.56468624,0.51667744,0.9071895424836601
1389,0.4471486,0.28876173,0.907843137254902
1390,0.39042437,0.44857767,0.9084967320261438
1391,0.5586139,0.5291239,0.9091503267973856
1392,0.59523165,0.30465028,0.9098039215686274
1393,0.3622979,0.5115544,0.9104575163398693
1394,0.24300984,0.4292264,0.9111111111111111
1395,0.29112235,0.2190617,0.9117647058823529
1396,0.40022367,0.23022547,0.9124183006535947
1397,0.6004513,0.4970536,0.9130718954248366
1398,0.40491414,0.25653806,0.9137254901960784
1399,0.66566604,0.30761433,0.9143790849673202
1400,0.41892418,0.25235415,0.9150326797385621
1401,0.28809264,0.346222,0.9156862745098039
1402,0.19848648,0.3918176,0.9163398692810457
1403,0.32317662,0.12777317,0.9169934640522875
1404,0.57094115,0.32254496,0.9176470588235294
1405,0.31256405,0.24342984,0.9183006535947712
1406,0.63274646,0.69411993,0.918954248366013
1407,0.7463502,0.4725634,0.9196078431372549
1408,0.66585284,0.3019912,0.9202614379084967
1409,0.5577211,0.57474166,0.9209150326797385
1410,0.7240588,0.41513565,0.9215686274509803
1411,0.6801866,0.5407472,0.9222222222222223
1412,0.4627797,0.32980302,0.9228758169934641
1413,0.20246966,0.4026672,0.9235294117647059
1414,0.46202707,0.33185664,0.9241830065359478
1415,0.6619379,0.54208946,0.9248366013071896
1416,0.6170491,0.21810605,0.9254901960784314
1417,0.4731113,0.46818787,0.9261437908496732
1418,0.3308401,0.19480483,0.9267973856209151
1419,0.8547974,0.5536705,0.9274509803921569
1420,0.18539733,0.40741527,0.9281045751633987
1421,0.1876889,0.37315893,0.9287581699346406
1422,0.57068086,0.39290464,0.9294117647058824
1423,0.9023276,0.5833038,0.9300653594771242
1424,0.6431873,0.38857564,0.930718954248366
1425,0.6767317,0.36210036,0.9313725490196079
1426,0.82282233,0.41030276,0.9320261437908497
1427,0.22745955,0.5482205,0.9326797385620915
1428,0.87776005,0.45879212,0.9333333333333333
1429,0.28372496,0.5516406,0.9339869281045752
1430,0.89067584,0.538185,0.934640522875817
1431,0.4707619,0.32114673,0.9352941176470588
1432,0.6681654,0.44473204,0.9359477124183007
1433,0.529893,0.23575039,0.9366013071895425
1434,0.22935836,0.55806464,0.9372549019607843
1435,0.5589671,0.14091781,0.9379084967320261
1436,0.66751,0.6444457,0.938562091503268
1437,0.55811,0.3287632,0.9392156862745098
1438,0.36188388,0.55816346,0.9398692810457516
1439,0.55551195,0.19123106,0.9405228758169935
1440,0.6481645,0.6302035,0.9411764705882353
1441,0.35411754,0.26566544,0.9418300653594771
1442,0.48696423,0.4621286,0.9424836601307189
1443,0.680815,0.6531446,0.9431372549019608
1444,0.7510647,0.45529756,0.9437908496732026
1445,0.46767816,0.28227738,0.9444444444444444
1446,0.29068625,0.5587875,0.9450980392156862
1447,0.29863983,0.496892,0.9457516339869281
1448,0.61130756,0.6495302,0.9464052287581699
1449,0.7239275,0.45603737,0.9470588235294117
1450,0.5031096,0.40164697,0.9477124183006536
1451,0.11715376,0.44226125,0.9483660130718954
1452,0.77931505,0.59471756,0.9490196078431372
1453,0.8958174,0.5285221,0.949673202614379
1454,0.5679512,0.30149952,0.9503267973856209
1455,0.5108613,0.6140083,0.9509803921568627
1456,0.57959163,0.3546138,0.9516339869281045
1457,0.5055751,0.5333412,0.9522875816993464
1458,0.62203807,0.49670294,0.9529411764705882
1459,0.48730606,0.4728113,0.9535947712418301
1460,0.7427881,0.41453218,0.954248366013072
1461,0.5469126,0.40064892,0.9549019607843138
1462,0.838659,0.5606103,0.9555555555555556
1463,0.70542276,0.756896,0.9562091503267974
1464,0.55575264,0.7036827,0.9568627450980393
1465,0.20998494,0.3880338,0.9575163398692811
1466,0.21790165,0.41433012,0.9581699346405229
1467,0.8967627,0.53555673,0.9588235294117647
1468,0.55028385,0.4103867,0.9594771241830066
1469,0.8540574,0.53443533,0.9601307189542484
1470,0.6534292,0.84825844,0.9607843137254902
1471,0.25907212,0.5155876,0.961437908496732
1472,0.5611122,0.2999263,0.9620915032679739
1473,0.76205224,0.44916177,0.9627450980392157
1474,0.8836635,0.56939256,0.9633986928104575
1475,0.24187446,0.55723166,0.9640522875816994
1476,0.52118826,0.26140943,0.9647058823529412
1477,0.31651047,0.6105638,0.965359477124183
1478,0.6594836,0.5968055,0.9660130718954248
1479,0.50036114,0.44169754,0.9666666666666667
1480,0.5059638,0.4559878,0.9673202614379085
1481,0.5595453,0.41073042,0.9679738562091503
1482,0.53049254,0.49767637,0.9686274509803922
1483,0.600051,0.29347754,0.969281045751634
1484,0.6151707,0.64486396,0.9699346405228758
1485,0.85178035,0.53632313,0.9705882352941176
1486,0.21683024,0.5446671,0.9712418300653595
1487,0.59156555,0.49240077,0.9718954248366013
1488,0.42087847,0.5701659,0.9725490196078431
1489,0.36379164,0.25267702,0.973202614379085
1490,0.22748893,0.57147145,0.9738562091503268
1491,0.18898991,0.4027334,0.9745098039215686
1492,0.6266045,0.68219864,0.9751633986928104
1493,0.42542785,0.57346493,0.9758169934640523
1494,0.95735043,0.6258,0.9764705882352941
1495,0.78162414,0.44724542,0.9771241830065359
1496,0.28411135,0.6722978,0.9777777777777777
1497,0.26075673,0.368275,0.9784313725490196
1498,0.6523834,0.51139647,0.9790849673202614
1499,0.68784046,0.5375714,0.9797385620915032
1500,0.62563646,0.4495946,0.9803921568627451
1501,0.48419595,0.5494911,0.9810457516339869
1502,0.20508641,0.59433573,0.9816993464052287
1503,0.5393113,0.5171445,0.9823529411764705
1504,0.6936429,0.3655419,0.9830065359477124
1505,0.21796793,0.34779546,0.9836601307189542
1506,0.54309046,0.63393706,0.984313725490196
1507,0.26392958,0.59882337,0.984967320261438
1508,0.5577594,0.39434153,0.9856209150326798
1509,0.881734,0.53454405,0.9862745098039216
1510,0.8630501,0.56992704,0.9869281045751634
1511,0.8628014,0.55684006,0.9875816993464053
1512,0.6711046,0.6009395,0.9882352941176471
1513,0.78272104,0.43199518,0.9888888888888889
1514,0.521971,0.56955916,0.9895424836601308
1515,0.6656179,0.45248246,0.9901960784313726
1516,0.8295087,0.4134752,0.9908496732026144
1517,0.9304304,0.5722158,0.9915032679738562
1518,0.27595168,0.39568126,0.9921568627450981
1519,0.715302,0.37770414,0.9928104575163399
1520,0.16037615,0.38437772,0.9934640522875817
1521,0.21200286,0.32980955,0.9941176470588236
1522,0.25585157,0.37784797,0.9947712418300654
1523,0.21601234,0.33174554,0.9954248366013072
1524,0.83283263,0.5521798,0.996078431372549
1525,0.666513,0.6156936,0.9967320261437909
1526,0.6019569,0.40404615,0.9973856209150327
1527,0.84757984,0.56331974,0.9980392156862745
1528,0.58013225,0.7428239,0.9986928104575163
1529,0.30337453,0.66098297,0.9993464052287582
